agreement,analytic_2d_lower,analytic_2d_supportable,analytic_2d_upper,atom_count,candidate_origin,case_id,certificate_bytes,checker_kernel_ms,checker_kernel_status,checker_process_ms,checker_process_status,coefficient_sum_bits,deterministic_certificate,deterministic_trace,distinct_outcomes,family,feasible_decisions,frontier_outcomes,generated_claim,generated_polarity,generation_ms,ground_class,ground_pareto_efficient,ground_positive_supportable,ground_supportable,ground_truth_ms,max_coefficient_bits,oracle_calls,p,p1_boundary_correct,p1_process_ms,schema_valid,source,strict_margin,trust_level
True,0/1,True,13/44,0,epsilon_q42,assignment_p2_s2001_epsilon_q42,1577,0.674991,VERIFIED,78.065365,VERIFIED,0,True,True,120,assignment,120,6,nonnegative_weight_supportable,supportable,1.027389,S+,True,True,True,0.318187,0,2,2,True,77.18769,True,random,,P1_FULLY_CHECKABLE
True,,False,,1,hash_control,assignment_p2_s2001_hash_control,1419,0.498817,VERIFIED,77.559076,VERIFIED,1,True,True,120,assignment,120,6,nonnegative_weight_unsupported,unsupported,0.787811,DOM,False,False,False,0.255262,1,1,2,True,77.26091,True,random,34/1,P1_FULLY_CHECKABLE
True,,False,,2,epsilon_q42,assignment_p2_s2002_epsilon_q42,1602,0.532948,VERIFIED,72.83231,VERIFIED,8,True,True,120,assignment,120,8,nonnegative_weight_unsupported,unsupported,1.32139,UNS,True,False,False,0.307191,7,2,2,True,73.409044,True,random,921/163,P1_FULLY_CHECKABLE
True,,False,,1,hash_control,assignment_p2_s2002_hash_control,1419,0.495332,VERIFIED,74.003735,VERIFIED,1,True,True,120,assignment,120,8,nonnegative_weight_unsupported,unsupported,0.715852,DOM,False,False,False,0.245939,1,1,2,True,71.546824,True,random,83/1,P1_FULLY_CHECKABLE
True,0/1,True,71/92,0,epsilon_q42,assignment_p2_s2003_epsilon_q42,1568,0.658947,VERIFIED,75.253453,VERIFIED,0,True,True,120,assignment,120,2,positive_weight_supportable,supportable,0.570124,S+,True,True,True,0.122573,0,1,2,True,77.244941,True,random,,P1_FULLY_CHECKABLE
True,,False,,1,hash_control,assignment_p2_s2003_hash_control,1421,0.577365,VERIFIED,89.123392,VERIFIED,1,True,True,120,assignment,120,2,nonnegative_weight_unsupported,unsupported,0.803404,DOM,False,False,False,0.133861,1,1,2,True,75.038436,True,random,123/1,P1_FULLY_CHECKABLE
True,12/19,True,17/25,0,epsilon_q42,assignment_p2_s2004_epsilon_q42,1582,0.638827,VERIFIED,76.776695,VERIFIED,0,True,True,119,assignment,120,5,positive_weight_supportable,supportable,2.205965,S+,True,True,True,0.235233,0,4,2,True,78.79239,True,random,,P1_FULLY_CHECKABLE
True,,False,,2,hash_control,assignment_p2_s2004_hash_control,1603,0.557044,VERIFIED,77.923483,VERIFIED,7,True,True,119,assignment,120,5,nonnegative_weight_unsupported,unsupported,1.444885,DOM,False,False,False,0.201572,7,2,2,True,79.858051,True,random,3656/93,P1_FULLY_CHECKABLE
True,5/108,True,95/153,0,epsilon_q42,assignment_p2_s2005_epsilon_q42,1569,0.729322,VERIFIED,74.412081,VERIFIED,0,True,True,120,assignment,120,6,positive_weight_supportable,supportable,0.549533,S+,True,True,True,0.306199,0,1,2,True,77.772997,True,random,,P1_FULLY_CHECKABLE
True,,False,,1,hash_control,assignment_p2_s2005_hash_control,1419,0.530675,VERIFIED,75.998364,VERIFIED,1,True,True,120,assignment,120,6,nonnegative_weight_unsupported,unsupported,0.764535,DOM,False,False,False,0.288622,1,1,2,True,77.165543,True,random,17/1,P1_FULLY_CHECKABLE
True,,,,0,epsilon_q42,assignment_p3_s2001_epsilon_q42,1592,1.157233,VERIFIED,181.69049,VERIFIED,0,True,True,120,assignment,120,28,positive_weight_supportable,supportable,1.04136,S+,True,True,True,87.690508,0,1,3,True,199.553692,True,random,,P1_FULLY_CHECKABLE
True,,,,2,hash_control,assignment_p3_s2001_hash_control,1631,0.645967,VERIFIED,256.393341,VERIFIED,7,True,True,120,assignment,120,28,nonnegative_weight_unsupported,unsupported,3.636546,DOM,False,False,False,20.249226,6,3,3,True,143.132403,True,random,2023/107,P1_FULLY_CHECKABLE
True,,,,0,epsilon_q42,assignment_p3_s2002_epsilon_q42,1639,1.12177,VERIFIED,171.780138,VERIFIED,0,True,True,120,assignment,120,7,nonnegative_weight_supportable,supportable,2.302057,S+,True,True,True,2.077201,0,3,3,True,192.817153,True,random,,P1_FULLY_CHECKABLE
True,,,,1,hash_control,assignment_p3_s2002_hash_control,1438,1.066562,VERIFIED,194.083694,VERIFIED,1,True,True,120,assignment,120,7,nonnegative_weight_unsupported,unsupported,1.024194,DOM,False,False,False,1.917261,1,1,3,True,193.277738,True,random,45/1,P1_FULLY_CHECKABLE
True,,,,0,epsilon_q42,assignment_p3_s2003_epsilon_q42,1589,1.09522,VERIFIED,179.805256,VERIFIED,0,True,True,120,assignment,120,8,positive_weight_supportable,supportable,0.746558,S+,True,True,True,2.366464,0,1,3,True,131.022969,True,random,,P1_FULLY_CHECKABLE
True,,,,1,hash_control,assignment_p3_s2003_hash_control,1439,1.109717,VERIFIED,133.154627,VERIFIED,1,True,True,120,assignment,120,8,nonnegative_weight_unsupported,unsupported,0.940048,DOM,False,False,False,62.33845,1,1,3,True,193.550932,True,random,50/1,P1_FULLY_CHECKABLE
True,,,,0,epsilon_q42,assignment_p3_s2004_epsilon_q42,1587,1.248115,VERIFIED,185.015964,VERIFIED,0,True,True,120,assignment,120,18,nonnegative_weight_supportable,supportable,1.403592,S+,True,True,True,12.37319,0,2,3,True,204.04988,True,random,,P1_FULLY_CHECKABLE
True,,,,1,hash_control,assignment_p3_s2004_hash_control,1437,1.191289,VERIFIED,202.368682,VERIFIED,1,True,True,120,assignment,120,18,nonnegative_weight_unsupported,unsupported,0.899286,DOM,False,False,False,9.15491,1,1,3,True,203.921403,True,random,13/1,P1_FULLY_CHECKABLE
True,,,,0,epsilon_q42,assignment_p3_s2005_epsilon_q42,1643,1.23832,VERIFIED,138.810376,VERIFIED,0,True,True,120,assignment,120,16,nonnegative_weight_supportable,supportable,3.255806,S+,True,True,True,10.453295,0,4,3,True,262.217264,True,random,,P1_FULLY_CHECKABLE
True,,,,2,hash_control,assignment_p3_s2005_hash_control,1632,0.813278,VERIFIED,202.641585,VERIFIED,8,True,True,120,assignment,120,16,nonnegative_weight_unsupported,unsupported,1.894127,DOM,False,False,False,7.013273,7,2,3,True,198.376709,True,random,7752/139,P1_FULLY_CHECKABLE
True,,,,0,epsilon_q42,assignment_p4_s2001_epsilon_q42,1609,0.878666,VERIFIED,90.532797,VERIFIED,0,True,True,120,assignment,120,55,positive_weight_supportable,supportable,0.902511,S+,True,True,True,3835.860692,0,1,4,True,77.742265,True,random,,P1_FULLY_CHECKABLE
True,,,,0,hash_control,assignment_p4_s2001_hash_control,1746,1.345706,VERIFIED,82.863652,VERIFIED,0,True,True,120,assignment,120,55,nonnegative_weight_supportable,supportable,16.499969,S+,True,True,True,2815.871797,0,6,4,True,78.715387,True,random,,P1_FULLY_CHECKABLE
True,,,,2,epsilon_q42,assignment_p4_s2002_epsilon_q42,1642,1.068205,VERIFIED,158.359774,VERIFIED,3,True,True,120,assignment,120,22,nonnegative_weight_unsupported,unsupported,2.558572,UNS,True,False,False,311.900731,3,2,4,True,132.664759,True,random,11/7,P1_FULLY_CHECKABLE
True,,,,1,hash_control,assignment_p4_s2002_hash_control,1456,0.911515,VERIFIED,127.782286,VERIFIED,1,True,True,120,assignment,120,22,nonnegative_weight_unsupported,unsupported,1.667907,DOM,False,False,False,362.745774,1,1,4,True,118.736745,True,random,20/1,P1_FULLY_CHECKABLE
True,,,,0,epsilon_q42,assignment_p4_s2003_epsilon_q42,1612,0.98852,VERIFIED,103.12801,VERIFIED,0,True,True,120,assignment,120,40,positive_weight_supportable,supportable,0.930404,S+,True,True,True,1808.338393,0,1,4,True,109.13105,True,random,,P1_FULLY_CHECKABLE
True,,,,1,hash_control,assignment_p4_s2003_hash_control,1456,0.677394,VERIFIED,68.394324,VERIFIED,1,True,True,120,assignment,120,40,nonnegative_weight_unsupported,unsupported,1.132416,DOM,False,False,False,1319.205423,1,1,4,True,74.306938,True,random,56/1,P1_FULLY_CHECKABLE
True,,,,0,epsilon_q42,assignment_p4_s2004_epsilon_q42,1746,1.414558,VERIFIED,130.35245,VERIFIED,0,True,True,120,assignment,120,44,nonnegative_weight_supportable,supportable,9.183433,S+,True,True,True,2306.788775,0,5,4,True,101.62583,True,random,,P1_FULLY_CHECKABLE
True,,,,0,hash_control,assignment_p4_s2004_hash_control,1695,1.635134,VERIFIED,86.663585,VERIFIED,0,True,True,120,assignment,120,44,nonnegative_weight_supportable,supportable,17.705064,S+,True,True,True,1747.760394,0,6,4,True,81.089307,True,random,,P1_FULLY_CHECKABLE
True,,,,0,epsilon_q42,assignment_p4_s2005_epsilon_q42,1826,29.723663,VERIFIED,109.726882,VERIFIED,0,True,True,120,assignment,120,44,positive_weight_supportable,supportable,16.625047,S+,True,True,True,2081.731896,0,6,4,True,104.587335,True,random,,P1_FULLY_CHECKABLE
True,,,,0,hash_control,assignment_p4_s2005_hash_control,1668,0.876934,VERIFIED,77.94008,VERIFIED,0,True,True,120,assignment,120,44,nonnegative_weight_supportable,supportable,4.049505,S+,True,True,True,1784.55986,0,4,4,True,78.392929,True,random,,P1_FULLY_CHECKABLE
True,3/22,True,5/14,0,epsilon_q42,explicit_p2_s1001_epsilon_q42,1432,0.92085,VERIFIED,107.65515,VERIFIED,0,True,True,24,explicit_image,24,3,positive_weight_supportable,supportable,1.80941,S+,True,True,True,0.24015,0,3,2,True,81.059166,True,random,,P1_FULLY_CHECKABLE
True,,False,,1,hash_control,explicit_p2_s1001_hash_control,1389,0.868987,VERIFIED,88.542545,VERIFIED,1,True,True,24,explicit_image,24,3,nonnegative_weight_unsupported,unsupported,0.875521,DOM,False,False,False,0.187761,1,1,2,True,86.448087,True,random,71/1,P1_FULLY_CHECKABLE
True,0/1,True,1/1,0,epsilon_q42,explicit_p2_s1002_epsilon_q42,1412,0.722052,VERIFIED,83.153484,VERIFIED,0,True,True,24,explicit_image,24,1,positive_weight_supportable,supportable,0.692537,S+,True,True,True,0.09363,0,1,2,True,78.763509,True,random,,P1_FULLY_CHECKABLE
True,,False,,1,hash_control,explicit_p2_s1002_hash_control,1387,0.992121,VERIFIED,83.269624,VERIFIED,1,True,True,24,explicit_image,24,1,nonnegative_weight_unsupported,unsupported,0.844585,DOM,False,False,False,0.116584,1,1,2,True,94.947621,True,random,65/1,P1_FULLY_CHECKABLE
True,9/40,True,13/20,0,epsilon_q42,explicit_p2_s1003_epsilon_q42,1419,0.879127,VERIFIED,109.668446,VERIFIED,0,True,True,24,explicit_image,24,3,positive_weight_supportable,supportable,0.697114,S+,True,True,True,0.191697,0,1,2,True,79.191891,True,random,,P1_FULLY_CHECKABLE
True,,False,,1,hash_control,explicit_p2_s1003_hash_control,1391,0.524686,VERIFIED,74.747929,VERIFIED,1,True,True,24,explicit_image,24,3,nonnegative_weight_unsupported,unsupported,0.815161,DOM,False,False,False,0.148603,1,1,2,True,88.923728,True,random,58/1,P1_FULLY_CHECKABLE
True,28/57,True,1/1,0,epsilon_q42,explicit_p2_s1004_epsilon_q42,1417,0.798336,VERIFIED,78.154763,VERIFIED,0,True,True,24,explicit_image,24,4,positive_weight_supportable,supportable,0.693519,S+,True,True,True,0.284767,0,1,2,True,74.569341,True,random,,P1_FULLY_CHECKABLE
True,,False,,1,hash_control,explicit_p2_s1004_hash_control,1388,0.739002,VERIFIED,80.396,VERIFIED,1,True,True,24,explicit_image,24,4,nonnegative_weight_unsupported,unsupported,0.804925,DOM,False,False,False,0.188873,1,1,2,True,80.640108,True,random,14/1,P1_FULLY_CHECKABLE
True,0/1,True,83/94,0,epsilon_q42,explicit_p2_s1005_epsilon_q42,1417,0.796232,VERIFIED,79.805249,VERIFIED,0,True,True,24,explicit_image,24,4,positive_weight_supportable,supportable,0.648271,S+,True,True,True,0.243845,0,1,2,True,79.626386,True,random,,P1_FULLY_CHECKABLE
True,,False,,1,hash_control,explicit_p2_s1005_hash_control,1389,0.732997,VERIFIED,81.824313,VERIFIED,1,True,True,24,explicit_image,24,4,nonnegative_weight_unsupported,unsupported,0.979787,DOM,False,False,False,0.271646,1,1,2,True,80.438226,True,random,59/1,P1_FULLY_CHECKABLE
True,46/49,True,1/1,0,epsilon_q42,explicit_p2_s1006_epsilon_q42,1417,0.745697,VERIFIED,75.841462,VERIFIED,0,True,True,24,explicit_image,24,2,nonnegative_weight_supportable,supportable,1.133718,S+,True,True,True,0.142303,0,2,2,True,73.024053,True,random,,P1_FULLY_CHECKABLE
True,,False,,1,hash_control,explicit_p2_s1006_hash_control,1387,0.552748,VERIFIED,74.189477,VERIFIED,1,True,True,24,explicit_image,24,2,nonnegative_weight_unsupported,unsupported,0.855281,DOM,False,False,False,0.142443,1,1,2,True,74.584455,True,random,70/1,P1_FULLY_CHECKABLE
True,0/1,True,11/48,0,epsilon_q42,explicit_p2_s1007_epsilon_q42,1422,0.794049,VERIFIED,82.757806,VERIFIED,0,True,True,24,explicit_image,24,5,nonnegative_weight_supportable,supportable,1.139306,S+,True,True,True,0.264606,0,2,2,True,72.509792,True,random,,P1_FULLY_CHECKABLE
True,,False,,1,hash_control,explicit_p2_s1007_hash_control,1389,0.577986,VERIFIED,71.270065,VERIFIED,1,True,True,24,explicit_image,24,5,nonnegative_weight_unsupported,unsupported,0.887169,DOM,False,False,False,0.255853,1,1,2,True,72.672379,True,random,34/1,P1_FULLY_CHECKABLE
True,19/43,True,31/35,0,epsilon_q42,explicit_p2_s1008_epsilon_q42,1419,0.842703,VERIFIED,71.0192,VERIFIED,0,True,True,24,explicit_image,24,4,positive_weight_supportable,supportable,0.720539,S+,True,True,True,0.223485,0,1,2,True,71.707005,True,random,,P1_FULLY_CHECKABLE
True,0/1,True,2/63,0,hash_control,explicit_p2_s1008_hash_control,1420,0.707279,VERIFIED,72.11501,VERIFIED,0,True,True,24,explicit_image,24,4,nonnegative_weight_supportable,supportable,1.072115,S+,True,True,True,0.221742,0,2,2,True,72.420543,True,random,,P1_FULLY_CHECKABLE
True,4/17,True,21/64,0,epsilon_q42,explicit_p2_s1009_epsilon_q42,1440,0.80792,VERIFIED,72.887938,VERIFIED,0,True,True,24,explicit_image,24,3,positive_weight_supportable,supportable,1.606806,S+,True,True,True,0.176745,0,3,2,True,73.937334,True,random,,P1_FULLY_CHECKABLE
True,,False,,1,hash_control,explicit_p2_s1009_hash_control,1388,0.575652,VERIFIED,74.858554,VERIFIED,1,True,True,24,explicit_image,24,3,nonnegative_weight_unsupported,unsupported,0.883954,DOM,False,False,False,0.166349,1,1,2,True,71.617295,True,random,57/1,P1_FULLY_CHECKABLE
True,23/86,True,1/1,0,epsilon_q42,explicit_p2_s1010_epsilon_q42,1417,0.735922,VERIFIED,69.88096,VERIFIED,0,True,True,24,explicit_image,24,4,positive_weight_supportable,supportable,0.62795,S+,True,True,True,0.214882,0,1,2,True,71.983013,True,random,,P1_FULLY_CHECKABLE
True,,False,,1,hash_control,explicit_p2_s1010_hash_control,1390,0.540129,VERIFIED,73.117306,VERIFIED,1,True,True,24,explicit_image,24,4,nonnegative_weight_unsupported,unsupported,0.929512,DOM,False,False,False,0.182243,1,1,2,True,68.859054,True,random,44/1,P1_FULLY_CHECKABLE
True,1/10,True,94/111,0,epsilon_q42,explicit_p2_s1011_epsilon_q42,1417,0.809923,VERIFIED,72.619561,VERIFIED,0,True,True,24,explicit_image,24,4,positive_weight_supportable,supportable,0.643664,S+,True,True,True,0.243265,0,1,2,True,74.249417,True,random,,P1_FULLY_CHECKABLE
True,,False,,1,hash_control,explicit_p2_s1011_hash_control,1387,0.583675,VERIFIED,74.394894,VERIFIED,1,True,True,24,explicit_image,24,4,nonnegative_weight_unsupported,unsupported,0.839617,DOM,False,False,False,0.209674,1,1,2,True,73.939593,True,random,6/1,P1_FULLY_CHECKABLE
True,7/19,True,1/1,0,epsilon_q42,explicit_p2_s1012_epsilon_q42,1417,0.760669,VERIFIED,75.187387,VERIFIED,0,True,True,24,explicit_image,24,4,positive_weight_supportable,supportable,0.657225,S+,True,True,True,0.232378,0,1,2,True,85.374764,True,random,,P1_FULLY_CHECKABLE
True,,False,,1,hash_control,explicit_p2_s1012_hash_control,1388,0.581832,VERIFIED,79.944837,VERIFIED,1,True,True,24,explicit_image,24,4,nonnegative_weight_unsupported,unsupported,0.890023,DOM,False,False,False,0.195473,1,1,2,True,79.652324,True,random,15/1,P1_FULLY_CHECKABLE
True,,False,,2,epsilon_q42,explicit_p2_s1013_epsilon_q42,1553,0.639658,VERIFIED,75.231983,VERIFIED,7,True,True,24,explicit_image,24,7,nonnegative_weight_unsupported,unsupported,1.409281,UNS,True,False,False,0.309213,6,2,2,True,81.709636,True,random,190/43,P1_FULLY_CHECKABLE
True,,False,,1,hash_control,explicit_p2_s1013_hash_control,1389,0.592587,VERIFIED,84.552563,VERIFIED,1,True,True,24,explicit_image,24,7,nonnegative_weight_unsupported,unsupported,0.8749,DOM,False,False,False,0.23382,1,1,2,True,78.148567,True,random,71/1,P1_FULLY_CHECKABLE
True,7/90,True,32/35,0,epsilon_q42,explicit_p2_s1014_epsilon_q42,1417,0.730915,VERIFIED,76.908925,VERIFIED,0,True,True,24,explicit_image,24,4,positive_weight_supportable,supportable,0.705006,S+,True,True,True,0.232078,0,1,2,True,78.513324,True,random,,P1_FULLY_CHECKABLE
True,32/35,True,1/1,0,hash_control,explicit_p2_s1014_hash_control,1418,0.774219,VERIFIED,78.890398,VERIFIED,0,True,True,24,explicit_image,24,4,nonnegative_weight_supportable,supportable,1.075511,S+,True,True,True,0.211097,0,2,2,True,81.386232,True,random,,P1_FULLY_CHECKABLE
True,,False,,2,epsilon_q42,explicit_p2_s1015_epsilon_q42,1552,0.582562,VERIFIED,74.194705,VERIFIED,7,True,True,24,explicit_image,24,4,nonnegative_weight_unsupported,unsupported,1.397152,UNS,True,False,False,0.223174,7,2,2,True,81.433316,True,random,41/102,P1_FULLY_CHECKABLE
True,,False,,1,hash_control,explicit_p2_s1015_hash_control,1389,0.979527,VERIFIED,80.558901,VERIFIED,1,True,True,24,explicit_image,24,4,nonnegative_weight_unsupported,unsupported,1.189292,DOM,False,False,False,0.262974,1,1,2,True,80.262548,True,random,76/1,P1_FULLY_CHECKABLE
True,,,,0,epsilon_q42,explicit_p3_s1001_epsilon_q42,1471,1.32862,VERIFIED,93.563373,VERIFIED,0,True,True,24,explicit_image,24,8,positive_weight_supportable,supportable,3.307984,S+,True,True,True,2.274466,0,4,3,True,78.44844,True,random,,P1_FULLY_CHECKABLE
True,,,,0,hash_control,explicit_p3_s1001_hash_control,1449,1.146847,VERIFIED,79.708423,VERIFIED,0,True,True,24,explicit_image,24,8,nonnegative_weight_supportable,supportable,3.215726,S+,True,True,True,2.173796,0,4,3,True,80.381605,True,random,,P1_FULLY_CHECKABLE
True,,,,0,epsilon_q42,explicit_p3_s1002_epsilon_q42,1435,0.790013,VERIFIED,77.011238,VERIFIED,0,True,True,24,explicit_image,24,8,positive_weight_supportable,supportable,0.763384,S+,True,True,True,2.326193,0,1,3,True,80.193169,True,random,,P1_FULLY_CHECKABLE
True,,,,2,hash_control,explicit_p3_s1002_hash_control,1573,0.592978,VERIFIED,76.122849,VERIFIED,7,True,True,24,explicit_image,24,8,nonnegative_weight_unsupported,unsupported,3.470408,DOM,False,False,False,2.469279,6,3,3,True,75.582804,True,random,52/71,P1_FULLY_CHECKABLE
True,,,,0,epsilon_q42,explicit_p3_s1003_epsilon_q42,1438,0.82127,VERIFIED,78.764094,VERIFIED,0,True,True,24,explicit_image,24,8,nonnegative_weight_supportable,supportable,1.933676,S+,True,True,True,2.261096,0,3,3,True,79.57587,True,random,,P1_FULLY_CHECKABLE
True,,,,2,hash_control,explicit_p3_s1003_hash_control,1576,0.844765,VERIFIED,81.589896,VERIFIED,7,True,True,24,explicit_image,24,8,nonnegative_weight_unsupported,unsupported,3.690878,DOM,False,False,False,2.660544,7,3,3,True,72.296272,True,random,626/89,P1_FULLY_CHECKABLE
True,,,,0,epsilon_q42,explicit_p3_s1004_epsilon_q42,1433,0.893498,VERIFIED,77.604042,VERIFIED,0,True,True,24,explicit_image,24,13,nonnegative_weight_supportable,supportable,1.293397,S+,True,True,True,5.570092,0,2,3,True,85.760287,True,random,,P1_FULLY_CHECKABLE
True,,,,0,hash_control,explicit_p3_s1004_hash_control,1481,0.798395,VERIFIED,76.93229,VERIFIED,0,True,True,24,explicit_image,24,13,positive_weight_supportable,supportable,3.082777,S+,True,True,True,5.442001,0,4,3,True,75.411841,True,random,,P1_FULLY_CHECKABLE
True,,,,3,epsilon_q42,explicit_p3_s1005_epsilon_q42,1749,0.610995,VERIFIED,74.926392,VERIFIED,11,True,True,24,explicit_image,24,12,nonnegative_weight_unsupported,unsupported,3.432971,UNS,True,False,False,4.567651,10,3,3,True,97.735868,True,random,5679/1834,P1_FULLY_CHECKABLE
True,,,,1,hash_control,explicit_p3_s1005_hash_control,1401,0.897819,VERIFIED,83.206913,VERIFIED,1,True,True,24,explicit_image,24,12,nonnegative_weight_unsupported,unsupported,3.443748,DOM,False,False,False,5.539406,1,3,3,True,78.969627,True,random,3/1,P1_FULLY_CHECKABLE
True,,,,0,epsilon_q42,explicit_p3_s1006_epsilon_q42,1431,1.229841,VERIFIED,72.17728,VERIFIED,0,True,True,24,explicit_image,24,8,positive_weight_supportable,supportable,1.170212,S+,True,True,True,3.582966,0,1,3,True,71.215725,True,random,,P1_FULLY_CHECKABLE
True,,,,1,hash_control,explicit_p3_s1006_hash_control,1406,0.648972,VERIFIED,70.220204,VERIFIED,1,True,True,24,explicit_image,24,8,nonnegative_weight_unsupported,unsupported,1.062872,DOM,False,False,False,2.151843,1,1,3,True,68.263728,True,random,16/1,P1_FULLY_CHECKABLE
True,,,,0,epsilon_q42,explicit_p3_s1007_epsilon_q42,1433,0.98804,VERIFIED,74.636438,VERIFIED,0,True,True,24,explicit_image,24,7,positive_weight_supportable,supportable,0.758296,S+,True,True,True,2.064141,0,1,3,True,73.638043,True,random,,P1_FULLY_CHECKABLE
True,,,,1,hash_control,explicit_p3_s1007_hash_control,1404,0.670229,VERIFIED,72.152908,VERIFIED,1,True,True,24,explicit_image,24,7,nonnegative_weight_unsupported,unsupported,0.932356,DOM,False,False,False,1.812405,1,1,3,True,74.189444,True,random,18/1,P1_FULLY_CHECKABLE
True,,,,0,epsilon_q42,explicit_p3_s1008_epsilon_q42,1431,1.078585,VERIFIED,74.271311,VERIFIED,0,True,True,24,explicit_image,24,5,positive_weight_supportable,supportable,0.732977,S+,True,True,True,1.211895,0,1,3,True,74.582052,True,random,,P1_FULLY_CHECKABLE
True,,,,1,hash_control,explicit_p3_s1008_hash_control,1403,0.560649,VERIFIED,71.12423,VERIFIED,1,True,True,24,explicit_image,24,5,nonnegative_weight_unsupported,unsupported,0.969972,DOM,False,False,False,1.087799,1,1,3,True,70.556811,True,random,57/1,P1_FULLY_CHECKABLE
True,,,,0,epsilon_q42,explicit_p3_s1009_epsilon_q42,1433,0.860779,VERIFIED,71.944187,VERIFIED,0,True,True,24,explicit_image,24,7,positive_weight_supportable,supportable,0.758846,S+,True,True,True,1.798273,0,1,3,True,74.279164,True,random,,P1_FULLY_CHECKABLE
True,,,,1,hash_control,explicit_p3_s1009_hash_control,1404,0.564385,VERIFIED,74.739503,VERIFIED,1,True,True,24,explicit_image,24,7,nonnegative_weight_unsupported,unsupported,1.005326,DOM,False,False,False,1.874527,1,1,3,True,73.057083,True,random,15/1,P1_FULLY_CHECKABLE
True,,,,0,epsilon_q42,explicit_p3_s1010_epsilon_q42,1445,0.858245,VERIFIED,76.11356,VERIFIED,0,True,True,24,explicit_image,24,7,nonnegative_weight_supportable,supportable,1.902158,S+,True,True,True,1.974076,0,3,3,True,75.588378,True,random,,P1_FULLY_CHECKABLE
True,,,,1,hash_control,explicit_p3_s1010_hash_control,1402,0.828716,VERIFIED,74.666313,VERIFIED,1,True,True,24,explicit_image,24,7,nonnegative_weight_unsupported,unsupported,0.964534,DOM,False,False,False,1.742659,1,1,3,True,69.342151,True,random,9/1,P1_FULLY_CHECKABLE
True,,,,0,epsilon_q42,explicit_p3_s1011_epsilon_q42,1435,0.86213,VERIFIED,68.196542,VERIFIED,0,True,True,24,explicit_image,24,9,positive_weight_supportable,supportable,0.762382,S+,True,True,True,3.001153,0,1,3,True,75.133097,True,random,,P1_FULLY_CHECKABLE
True,,,,2,hash_control,explicit_p3_s1011_hash_control,1579,0.530655,VERIFIED,73.210995,VERIFIED,7,True,True,24,explicit_image,24,9,nonnegative_weight_unsupported,unsupported,1.802619,DOM,False,False,False,2.512862,6,2,3,True,74.201116,True,random,618/83,P1_FULLY_CHECKABLE
True,,,,0,epsilon_q42,explicit_p3_s1012_epsilon_q42,1438,0.838235,VERIFIED,66.684948,VERIFIED,0,True,True,24,explicit_image,24,8,positive_weight_supportable,supportable,0.776662,S+,True,True,True,2.530749,0,1,3,True,69.339884,True,random,,P1_FULLY_CHECKABLE
True,,,,0,hash_control,explicit_p3_s1012_hash_control,1436,0.802561,VERIFIED,79.537632,VERIFIED,0,True,True,24,explicit_image,24,8,nonnegative_weight_supportable,supportable,1.187047,S+,True,True,True,2.254535,0,2,3,True,78.456012,True,random,,P1_FULLY_CHECKABLE
True,,,,0,epsilon_q42,explicit_p3_s1013_epsilon_q42,1431,1.064428,VERIFIED,72.292885,VERIFIED,0,True,True,24,explicit_image,24,3,positive_weight_supportable,supportable,0.771325,S+,True,True,True,0.522963,0,1,3,True,75.349792,True,random,,P1_FULLY_CHECKABLE
True,,,,1,hash_control,explicit_p3_s1013_hash_control,1404,0.819327,VERIFIED,68.801017,VERIFIED,1,True,True,24,explicit_image,24,3,nonnegative_weight_unsupported,unsupported,1.022681,DOM,False,False,False,0.634089,1,1,3,True,68.741208,True,random,63/1,P1_FULLY_CHECKABLE
True,,,,0,epsilon_q42,explicit_p3_s1014_epsilon_q42,1433,0.780628,VERIFIED,67.89817,VERIFIED,0,True,True,24,explicit_image,24,9,nonnegative_weight_supportable,supportable,1.208249,S+,True,True,True,2.811459,0,2,3,True,69.44146,True,random,,P1_FULLY_CHECKABLE
True,,,,2,hash_control,explicit_p3_s1014_hash_control,1577,0.617615,VERIFIED,72.415816,VERIFIED,7,True,True,24,explicit_image,24,9,nonnegative_weight_unsupported,unsupported,1.931431,DOM,False,False,False,2.659111,6,2,3,True,70.379107,True,random,96/7,P1_FULLY_CHECKABLE
True,,,,0,epsilon_q42,explicit_p3_s1015_epsilon_q42,1433,0.796643,VERIFIED,69.095009,VERIFIED,0,True,True,24,explicit_image,24,7,positive_weight_supportable,supportable,0.717234,S+,True,True,True,1.87722,0,1,3,True,72.391314,True,random,,P1_FULLY_CHECKABLE
True,,,,1,hash_control,explicit_p3_s1015_hash_control,1402,0.595331,VERIFIED,68.664889,VERIFIED,1,True,True,24,explicit_image,24,7,nonnegative_weight_unsupported,unsupported,1.016362,DOM,False,False,False,1.774306,1,1,3,True,67.240727,True,random,5/1,P1_FULLY_CHECKABLE
True,,,,0,epsilon_q42,explicit_p4_s1001_epsilon_q42,1449,1.016842,VERIFIED,75.560983,VERIFIED,0,True,True,24,explicit_image,24,9,nonnegative_weight_supportable,supportable,1.553576,S+,True,True,True,17.036437,0,2,4,True,75.028286,True,random,,P1_FULLY_CHECKABLE
True,,,,0,hash_control,explicit_p4_s1001_hash_control,1491,0.929412,VERIFIED,72.454613,VERIFIED,0,True,True,24,explicit_image,24,9,nonnegative_weight_supportable,supportable,4.597414,S+,True,True,True,17.603866,0,4,4,True,74.049811,True,random,,P1_FULLY_CHECKABLE
True,,,,3,epsilon_q42,explicit_p4_s1002_epsilon_q42,1779,0.727269,VERIFIED,77.422756,VERIFIED,11,True,True,24,explicit_image,24,13,nonnegative_weight_unsupported,unsupported,5.528207,UNS,True,False,False,44.633885,10,3,4,True,73.958465,True,random,5531/1671,P1_FULLY_CHECKABLE
True,,,,0,hash_control,explicit_p4_s1002_hash_control,1454,0.88825,VERIFIED,76.438512,VERIFIED,0,True,True,24,explicit_image,24,13,nonnegative_weight_supportable,supportable,1.400687,S+,True,True,True,42.360011,0,2,4,True,72.648884,True,random,,P1_FULLY_CHECKABLE
True,,,,0,epsilon_q42,explicit_p4_s1003_epsilon_q42,1449,1.076863,VERIFIED,82.456367,VERIFIED,0,True,True,24,explicit_image,24,14,positive_weight_supportable,supportable,0.872977,S+,True,True,True,53.373269,0,1,4,True,77.040294,True,random,,P1_FULLY_CHECKABLE
True,,,,1,hash_control,explicit_p4_s1003_hash_control,1418,0.628641,VERIFIED,76.868777,VERIFIED,1,True,True,24,explicit_image,24,14,nonnegative_weight_unsupported,unsupported,1.124754,DOM,False,False,False,57.234701,1,1,4,True,79.683686,True,random,7/1,P1_FULLY_CHECKABLE
True,,,,0,epsilon_q42,explicit_p4_s1004_epsilon_q42,1449,0.916312,VERIFIED,76.121108,VERIFIED,0,True,True,24,explicit_image,24,11,positive_weight_supportable,supportable,0.9285,S+,True,True,True,29.247128,0,1,4,True,76.192503,True,random,,P1_FULLY_CHECKABLE
True,,,,2,hash_control,explicit_p4_s1004_hash_control,1597,0.635732,VERIFIED,76.100917,VERIFIED,7,True,True,24,explicit_image,24,11,nonnegative_weight_unsupported,unsupported,2.469257,DOM,False,False,False,31.585359,7,2,4,True,75.216117,True,random,343/74,P1_FULLY_CHECKABLE
True,,,,0,epsilon_q42,explicit_p4_s1005_epsilon_q42,1487,1.296401,VERIFIED,77.216036,VERIFIED,0,True,True,24,explicit_image,24,15,nonnegative_weight_supportable,supportable,8.420206,S+,True,True,True,61.347088,0,5,4,True,75.274976,True,random,,P1_FULLY_CHECKABLE
True,,,,1,hash_control,explicit_p4_s1005_hash_control,1421,0.656954,VERIFIED,77.032061,VERIFIED,1,True,True,24,explicit_image,24,15,nonnegative_weight_unsupported,unsupported,1.176502,DOM,False,False,False,71.505837,1,1,4,True,81.039496,True,random,18/1,P1_FULLY_CHECKABLE
True,,,,0,epsilon_q42,explicit_p4_s1006_epsilon_q42,1449,0.886307,VERIFIED,72.840446,VERIFIED,0,True,True,24,explicit_image,24,12,positive_weight_supportable,supportable,0.860208,S+,True,True,True,34.77194,0,1,4,True,73.915059,True,random,,P1_FULLY_CHECKABLE
True,,,,2,hash_control,explicit_p4_s1006_hash_control,1595,0.656102,VERIFIED,77.924593,VERIFIED,6,True,True,24,explicit_image,24,12,nonnegative_weight_unsupported,unsupported,12.712593,UNS,True,False,False,32.631631,6,4,4,True,79.446291,True,random,6/5,P1_FULLY_CHECKABLE
True,,,,0,epsilon_q42,explicit_p4_s1007_epsilon_q42,1449,1.207328,VERIFIED,76.474695,VERIFIED,0,True,True,24,explicit_image,24,13,positive_weight_supportable,supportable,0.882652,S+,True,True,True,42.89761,0,1,4,True,75.63317,True,random,,P1_FULLY_CHECKABLE
True,,,,1,hash_control,explicit_p4_s1007_hash_control,1420,0.652678,VERIFIED,73.621373,VERIFIED,1,True,True,24,explicit_image,24,13,nonnegative_weight_unsupported,unsupported,1.153888,DOM,False,False,False,50.407825,1,1,4,True,69.948789,True,random,16/1,P1_FULLY_CHECKABLE
True,,,,0,epsilon_q42,explicit_p4_s1008_epsilon_q42,1451,0.906698,VERIFIED,73.636615,VERIFIED,0,True,True,24,explicit_image,24,16,positive_weight_supportable,supportable,0.905136,S+,True,True,True,75.47679,0,1,4,True,72.217936,True,random,,P1_FULLY_CHECKABLE
True,,,,0,hash_control,explicit_p4_s1008_hash_control,1502,1.005185,VERIFIED,73.784361,VERIFIED,0,True,True,24,explicit_image,24,16,nonnegative_weight_supportable,supportable,5.084523,S+,True,True,True,77.524757,0,4,4,True,70.492733,True,random,,P1_FULLY_CHECKABLE
True,,,,0,epsilon_q42,explicit_p4_s1009_epsilon_q42,1447,0.930484,VERIFIED,72.345337,VERIFIED,0,True,True,24,explicit_image,24,8,positive_weight_supportable,supportable,0.823453,S+,True,True,True,12.109061,0,1,4,True,71.004631,True,random,,P1_FULLY_CHECKABLE
True,,,,1,hash_control,explicit_p4_s1009_hash_control,1417,0.632598,VERIFIED,71.44254,VERIFIED,1,True,True,24,explicit_image,24,8,nonnegative_weight_unsupported,unsupported,1.1543,DOM,False,False,False,15.468122,1,1,4,True,70.029148,True,random,6/1,P1_FULLY_CHECKABLE
True,,,,0,epsilon_q42,explicit_p4_s1010_epsilon_q42,1447,0.896212,VERIFIED,72.148678,VERIFIED,0,True,True,24,explicit_image,24,12,positive_weight_supportable,supportable,0.873839,S+,True,True,True,34.651069,0,1,4,True,71.723906,True,random,,P1_FULLY_CHECKABLE
True,,,,1,hash_control,explicit_p4_s1010_hash_control,1417,0.636543,VERIFIED,73.42511,VERIFIED,1,True,True,24,explicit_image,24,12,nonnegative_weight_unsupported,unsupported,1.16096,DOM,False,False,False,40.896305,1,1,4,True,73.936798,True,random,3/1,P1_FULLY_CHECKABLE
True,,,,0,epsilon_q42,explicit_p4_s1011_epsilon_q42,1449,0.877615,VERIFIED,75.933003,VERIFIED,0,True,True,24,explicit_image,24,10,positive_weight_supportable,supportable,0.869122,S+,True,True,True,22.306136,0,1,4,True,74.206406,True,random,,P1_FULLY_CHECKABLE
True,,,,2,hash_control,explicit_p4_s1011_hash_control,1595,0.580049,VERIFIED,75.019103,VERIFIED,6,True,True,24,explicit_image,24,10,nonnegative_weight_unsupported,unsupported,2.37636,DOM,False,False,False,25.567081,5,2,4,True,72.7305,True,random,55/16,P1_FULLY_CHECKABLE
True,,,,0,epsilon_q42,explicit_p4_s1012_epsilon_q42,1451,0.912307,VERIFIED,75.096147,VERIFIED,0,True,True,24,explicit_image,24,16,positive_weight_supportable,supportable,0.882202,S+,True,True,True,80.30326,0,1,4,True,73.42648,True,random,,P1_FULLY_CHECKABLE
True,,,,1,hash_control,explicit_p4_s1012_hash_control,1422,0.671446,VERIFIED,73.484362,VERIFIED,1,True,True,24,explicit_image,24,16,nonnegative_weight_unsupported,unsupported,1.236312,DOM,False,False,False,82.794705,1,1,4,True,68.734707,True,random,11/1,P1_FULLY_CHECKABLE
True,,,,0,epsilon_q42,explicit_p4_s1013_epsilon_q42,1525,0.881651,VERIFIED,73.64937,VERIFIED,0,True,True,24,explicit_image,24,12,positive_weight_supportable,supportable,8.509708,S+,True,True,True,34.974296,0,5,4,True,70.613316,True,random,,P1_FULLY_CHECKABLE
True,,,,2,hash_control,explicit_p4_s1013_hash_control,1599,0.690224,VERIFIED,70.967492,VERIFIED,6,True,True,24,explicit_image,24,12,nonnegative_weight_unsupported,unsupported,5.491127,DOM,False,False,False,39.967015,6,3,4,True,69.72407,True,random,163/27,P1_FULLY_CHECKABLE
True,,,,0,epsilon_q42,explicit_p4_s1014_epsilon_q42,1449,0.90076,VERIFIED,72.757743,VERIFIED,0,True,True,24,explicit_image,24,7,nonnegative_weight_supportable,supportable,1.424594,S+,True,True,True,8.872642,0,2,4,True,77.747564,True,random,,P1_FULLY_CHECKABLE
True,,,,0,hash_control,explicit_p4_s1014_hash_control,1446,0.970834,VERIFIED,80.278281,VERIFIED,0,True,True,24,explicit_image,24,7,positive_weight_supportable,supportable,0.852557,S+,True,True,True,8.59075,0,1,4,True,70.679465,True,random,,P1_FULLY_CHECKABLE
True,,,,0,epsilon_q42,explicit_p4_s1015_epsilon_q42,1513,0.915632,VERIFIED,71.271452,VERIFIED,0,True,True,24,explicit_image,24,13,positive_weight_supportable,supportable,9.163397,S+,True,True,True,45.622377,0,5,4,True,70.136097,True,random,,P1_FULLY_CHECKABLE
True,,,,2,hash_control,explicit_p4_s1015_hash_control,1591,0.649883,VERIFIED,71.583785,VERIFIED,4,True,True,24,explicit_image,24,13,nonnegative_weight_unsupported,unsupported,5.545017,UNS,True,False,False,45.201246,4,3,4,True,71.481657,True,random,11/7,P1_FULLY_CHECKABLE
True,0/1,True,17/19,0,epsilon_q42,knapsack_p2_s4001_epsilon_q42,1640,1.224184,VALIDATED_NOT_FULLY_VERIFIED,296.502642,VALIDATED_NOT_FULLY_VERIFIED,0,True,True,361,binary_knapsack,361,2,positive_weight_supportable,supportable,78.74594,S+,True,True,True,0.19357,0,1,2,True,299.526484,True,random,,P2_TRUSTED_ORACLE
True,,False,,1,hash_control,knapsack_p2_s4001_hash_control,1425,0.913343,VERIFIED,299.076841,VERIFIED,1,True,True,361,binary_knapsack,361,2,nonnegative_weight_unsupported,unsupported,77.544787,DOM,False,False,False,0.172979,1,1,2,True,307.964317,True,random,7/1,P1_FULLY_CHECKABLE
True,23/38,True,1/1,0,epsilon_q42,knapsack_p2_s4002_epsilon_q42,1643,1.235911,VALIDATED_NOT_FULLY_VERIFIED,683.311181,VALIDATED_NOT_FULLY_VERIFIED,0,True,True,342,binary_knapsack,342,4,nonnegative_weight_supportable,supportable,25.691801,S+,True,True,True,0.210084,0,2,2,True,398.301035,True,random,,P2_TRUSTED_ORACLE
True,,False,,1,hash_control,knapsack_p2_s4002_hash_control,1430,2.238343,VERIFIED,322.161344,VERIFIED,1,True,True,342,binary_knapsack,342,4,nonnegative_weight_unsupported,unsupported,14.319107,DOM,False,False,False,0.250034,1,1,2,True,409.422765,True,random,101/1,P1_FULLY_CHECKABLE
True,0/1,True,10/43,0,epsilon_q42,knapsack_p2_s4003_epsilon_q42,1643,1.313111,VALIDATED_NOT_FULLY_VERIFIED,292.921726,VALIDATED_NOT_FULLY_VERIFIED,0,True,True,259,binary_knapsack,346,4,nonnegative_weight_supportable,supportable,90.764206,S+,True,True,True,0.211737,0,2,2,True,230.494463,True,random,,P2_TRUSTED_ORACLE
True,,False,,1,hash_control,knapsack_p2_s4003_hash_control,1428,1.577078,VERIFIED,324.732299,VERIFIED,1,True,True,259,binary_knapsack,346,4,nonnegative_weight_unsupported,unsupported,14.751695,DOM,False,False,False,0.233079,1,1,2,True,374.905423,True,random,155/1,P1_FULLY_CHECKABLE
True,23/56,True,1/1,0,epsilon_q42,knapsack_p2_s4004_epsilon_q42,1640,1.559015,VALIDATED_NOT_FULLY_VERIFIED,297.160136,VALIDATED_NOT_FULLY_VERIFIED,0,True,True,354,binary_knapsack,356,4,positive_weight_supportable,supportable,14.610544,S+,True,True,True,0.241922,0,1,2,True,311.847686,True,random,,P2_TRUSTED_ORACLE
True,,False,,1,hash_control,knapsack_p2_s4004_hash_control,1427,0.92828,VERIFIED,380.867413,VERIFIED,1,True,True,354,binary_knapsack,356,4,nonnegative_weight_unsupported,unsupported,73.689441,DOM,False,False,False,0.215352,1,1,2,True,307.01376,True,random,40/1,P1_FULLY_CHECKABLE
True,,,,0,epsilon_q42,knapsack_p3_s4001_epsilon_q42,1691,1.24513,VALIDATED_NOT_FULLY_VERIFIED,297.218257,VALIDATED_NOT_FULLY_VERIFIED,0,True,True,337,binary_knapsack,337,8,nonnegative_weight_supportable,supportable,176.371226,S+,True,True,True,2.155809,0,3,3,True,297.242674,True,random,,P2_TRUSTED_ORACLE
True,,,,1,hash_control,knapsack_p3_s4001_hash_control,1447,1.030889,VERIFIED,301.94757,VERIFIED,1,True,True,337,binary_knapsack,337,8,nonnegative_weight_unsupported,unsupported,14.79522,DOM,False,False,False,2.086885,1,1,3,True,311.305368,True,random,41/1,P1_FULLY_CHECKABLE
True,,,,2,epsilon_q42,knapsack_p3_s4002_epsilon_q42,1621,1.093673,VERIFIED,405.036955,VERIFIED,2,True,True,352,binary_knapsack,352,6,nonnegative_weight_unsupported,unsupported,295.680916,UNS,True,False,False,1.739566,1,2,3,True,389.271645,True,random,9/2,P1_FULLY_CHECKABLE
True,,,,1,hash_control,knapsack_p3_s4002_hash_control,1446,2.520791,VERIFIED,405.385224,VERIFIED,1,True,True,352,binary_knapsack,352,6,nonnegative_weight_unsupported,unsupported,81.437064,DOM,False,False,False,1.817393,1,1,3,True,299.71765,True,random,69/1,P1_FULLY_CHECKABLE
True,,,,0,epsilon_q42,knapsack_p3_s4003_epsilon_q42,1667,1.03194,VALIDATED_NOT_FULLY_VERIFIED,296.801312,VALIDATED_NOT_FULLY_VERIFIED,0,True,True,358,binary_knapsack,358,12,nonnegative_weight_supportable,supportable,93.332929,S+,True,True,True,4.848583,0,2,3,True,386.093309,True,random,,P2_TRUSTED_ORACLE
True,,,,1,hash_control,knapsack_p3_s4003_hash_control,1448,0.982893,VERIFIED,303.066924,VERIFIED,1,True,True,358,binary_knapsack,358,12,nonnegative_weight_unsupported,unsupported,80.927522,DOM,False,False,False,4.628733,1,1,3,True,293.847229,True,random,78/1,P1_FULLY_CHECKABLE
True,,,,0,epsilon_q42,knapsack_p3_s4004_epsilon_q42,1667,1.204519,VALIDATED_NOT_FULLY_VERIFIED,308.168245,VALIDATED_NOT_FULLY_VERIFIED,0,True,True,340,binary_knapsack,340,7,nonnegative_weight_supportable,supportable,99.429084,S+,True,True,True,1.940356,0,2,3,True,391.216879,True,random,,P2_TRUSTED_ORACLE
True,,,,1,hash_control,knapsack_p3_s4004_hash_control,1446,1.06191,VERIFIED,293.997069,VERIFIED,1,True,True,340,binary_knapsack,340,7,nonnegative_weight_unsupported,unsupported,14.191396,DOM,False,False,False,1.980596,1,1,3,True,234.289134,True,random,86/1,P1_FULLY_CHECKABLE
True,,,,0,epsilon_q42,knapsack_p4_s4001_epsilon_q42,1691,1.023463,VALIDATED_NOT_FULLY_VERIFIED,301.534993,VALIDATED_NOT_FULLY_VERIFIED,0,True,True,349,binary_knapsack,349,11,nonnegative_weight_supportable,supportable,123.425387,S+,True,True,True,99.928852,0,3,4,True,370.627604,True,random,,P2_TRUSTED_ORACLE
True,,,,1,hash_control,knapsack_p4_s4001_hash_control,1468,1.250734,VERIFIED,320.727921,VERIFIED,1,True,True,349,binary_knapsack,349,11,nonnegative_weight_unsupported,unsupported,19.445435,DOM,False,False,False,99.20587,1,1,4,True,673.069012,True,random,51/1,P1_FULLY_CHECKABLE
True,,,,0,epsilon_q42,knapsack_p4_s4002_epsilon_q42,1713,1.976,VALIDATED_NOT_FULLY_VERIFIED,313.139827,VALIDATED_NOT_FULLY_VERIFIED,0,True,True,357,binary_knapsack,357,9,nonnegative_weight_supportable,supportable,191.321642,S+,True,True,True,84.30498,0,3,4,True,315.309425,True,random,,P2_TRUSTED_ORACLE
True,,,,1,hash_control,knapsack_p4_s4002_hash_control,1466,63.421377,VERIFIED,306.934845,VERIFIED,1,True,True,357,binary_knapsack,357,9,nonnegative_weight_unsupported,unsupported,87.149151,DOM,False,False,False,23.066018,1,1,4,True,318.217117,True,random,25/1,P1_FULLY_CHECKABLE
True,,,,0,epsilon_q42,knapsack_p4_s4003_epsilon_q42,1688,1.483161,VALIDATED_NOT_FULLY_VERIFIED,325.9181,VALIDATED_NOT_FULLY_VERIFIED,0,True,True,337,binary_knapsack,337,10,positive_weight_supportable,supportable,81.71424,S+,True,True,True,23.332057,0,1,4,True,374.96403,True,random,,P2_TRUSTED_ORACLE
True,,,,1,hash_control,knapsack_p4_s4003_hash_control,1466,1.113308,VERIFIED,311.912873,VERIFIED,1,True,True,337,binary_knapsack,337,10,nonnegative_weight_unsupported,unsupported,19.245035,DOM,False,False,False,92.978592,1,1,4,True,375.976717,True,random,81/1,P1_FULLY_CHECKABLE
True,,,,0,epsilon_q42,knapsack_p4_s4004_epsilon_q42,1688,1.216853,VALIDATED_NOT_FULLY_VERIFIED,289.276944,VALIDATED_NOT_FULLY_VERIFIED,0,True,True,356,binary_knapsack,356,10,positive_weight_supportable,supportable,82.014169,S+,True,True,True,96.005927,0,1,4,True,219.001492,True,random,,P2_TRUSTED_ORACLE
True,,,,1,hash_control,knapsack_p4_s4004_hash_control,1468,1.045846,VERIFIED,204.674064,VERIFIED,1,True,True,356,binary_knapsack,356,10,nonnegative_weight_unsupported,unsupported,16.895175,DOM,False,False,False,86.412127,1,1,4,True,203.330298,True,random,75/1,P1_FULLY_CHECKABLE
True,100001/200000,True,100003/200000,0,fixed_algebraically,narrow_interval_q100000,1478,1.072902,VERIFIED,299.757465,VERIFIED,0,True,True,3,explicit_image,3,3,positive_weight_supportable,supportable,0.793118,S+,True,True,True,0.212928,0,3,2,True,292.454346,True,controlled_grid,,P1_FULLY_CHECKABLE
True,1000001/2000000,True,1000003/2000000,0,fixed_algebraically,narrow_interval_q1000000,1492,1.066026,VERIFIED,302.102202,VERIFIED,0,True,True,3,explicit_image,3,3,positive_weight_supportable,supportable,0.778315,S+,True,True,True,0.183796,0,3,2,True,380.476162,True,controlled_grid,,P1_FULLY_CHECKABLE
True,10000001/20000000,True,10000003/20000000,0,fixed_algebraically,narrow_interval_q10000000,1506,1.090273,VERIFIED,307.613844,VERIFIED,0,True,True,3,explicit_image,3,3,positive_weight_supportable,supportable,0.755762,S+,True,True,True,0.185277,0,3,2,True,294.393423,True,controlled_grid,,P1_FULLY_CHECKABLE
True,,,,3,reference_fixed,reference_assignment_negative_p3,1795,1.406125,VERIFIED,386.97185,VERIFIED,11,True,True,24,assignment,24,12,nonnegative_weight_unsupported,unsupported,69.578052,UNS,True,False,False,5.399487,10,4,3,True,308.586511,True,reference_regression,991/1379,P1_FULLY_CHECKABLE
True,,,,0,reference_fixed,reference_assignment_positive_p3,1553,1.327974,VERIFIED,389.525708,VERIFIED,0,True,True,23,assignment,24,1,positive_weight_supportable,supportable,0.823353,S+,True,True,True,0.193991,0,1,3,True,320.47257,True,reference_regression,,P1_FULLY_CHECKABLE
True,,False,,2,reference_fixed,reference_binary_negative_p2,1554,0.835471,VERIFIED,299.617182,VERIFIED,2,True,True,3,binary_linear,3,3,nonnegative_weight_unsupported,unsupported,1.312986,UNS,True,False,False,0.206089,1,2,2,True,310.817528,True,reference_regression,1/1,P1_FULLY_CHECKABLE
True,,,,0,reference_fixed,reference_binary_positive_p3_p2,1629,1.028059,VALIDATED_NOT_FULLY_VERIFIED,296.152569,VALIDATED_NOT_FULLY_VERIFIED,0,True,True,31,binary_linear,31,3,positive_weight_supportable,supportable,1.729791,S+,True,True,True,0.710895,0,1,3,True,304.78097,True,reference_regression,,P2_TRUSTED_ORACLE
True,1/1,True,1/1,0,reference_fixed,reference_explicit_boundary_support_p2,1420,0.747664,VERIFIED,376.92389,VERIFIED,0,True,True,2,explicit_image,2,1,nonnegative_weight_supportable,supportable,0.625016,DOM,False,False,True,0.16012,0,2,2,True,305.30908,True,reference_regression,,P1_FULLY_CHECKABLE
True,1/2,True,1/1,0,reference_fixed,reference_explicit_positive_p2,1407,0.788175,VERIFIED,323.258924,VERIFIED,0,True,True,3,explicit_image,3,3,positive_weight_supportable,supportable,0.64756,S+,True,True,True,0.286659,0,1,2,True,292.819478,True,reference_regression,,P1_FULLY_CHECKABLE
True,,,,3,reference_fixed,reference_explicit_tight_negative_p3,1718,0.975626,VERIFIED,297.06165,VERIFIED,2,True,True,4,explicit_image,4,4,nonnegative_weight_unsupported,unsupported,2.588507,UNS,True,False,False,0.642333,1,3,3,True,583.65585,True,reference_regression,1/3,P1_FULLY_CHECKABLE
True,,False,,2,reference_fixed,reference_shortest_path_negative_p2,1583,0.871099,VERIFIED,300.81035,VERIFIED,2,True,True,3,shortest_path,3,3,nonnegative_weight_unsupported,unsupported,1.103452,UNS,True,False,False,0.19346,1,2,2,True,376.231414,True,reference_regression,1/1,P1_FULLY_CHECKABLE
True,,,,0,reference_fixed,reference_shortest_path_positive_p3,1533,0.728481,VERIFIED,382.215665,VERIFIED,0,True,True,4,shortest_path,4,3,positive_weight_supportable,supportable,0.674781,S+,True,True,True,0.637856,0,1,3,True,311.844439,True,reference_regression,,P1_FULLY_CHECKABLE
True,0/1,True,1/1,0,epsilon_q42,shortest_path_p2_s3001_epsilon_q42,1584,0.952016,VERIFIED,380.486046,VERIFIED,0,True,True,16,shortest_path,16,1,positive_weight_supportable,supportable,0.803663,S+,True,True,True,0.145869,0,1,2,True,311.425907,True,random,,P1_FULLY_CHECKABLE
True,,False,,1,hash_control,shortest_path_p2_s3001_hash_control,1437,1.006277,VERIFIED,374.199409,VERIFIED,1,True,True,16,shortest_path,16,1,nonnegative_weight_unsupported,unsupported,0.726989,DOM,False,False,False,0.12706,1,1,2,True,315.772843,True,random,18/1,P1_FULLY_CHECKABLE
True,0/1,True,1/1,0,epsilon_q42,shortest_path_p2_s3002_epsilon_q42,1600,0.940283,VERIFIED,308.067212,VERIFIED,0,True,True,11,shortest_path,11,1,positive_weight_supportable,supportable,0.533048,S+,True,True,True,0.09294,0,1,2,True,674.125498,True,random,,P1_FULLY_CHECKABLE
True,,False,,1,hash_control,shortest_path_p2_s3002_hash_control,1470,1.27187,VERIFIED,313.827803,VERIFIED,1,True,True,11,shortest_path,11,1,nonnegative_weight_unsupported,unsupported,1.015661,DOM,False,False,False,0.171166,1,1,2,True,297.503256,True,random,45/1,P1_FULLY_CHECKABLE
True,0/1,True,15/32,0,epsilon_q42,shortest_path_p2_s3003_epsilon_q42,1583,0.870484,VERIFIED,374.503232,VERIFIED,0,True,True,21,shortest_path,21,3,nonnegative_weight_supportable,supportable,0.922081,S+,True,True,True,0.177856,0,2,2,True,321.386019,True,random,,P1_FULLY_CHECKABLE
True,,False,,1,hash_control,shortest_path_p2_s3003_hash_control,1445,1.252256,VERIFIED,295.930122,VERIFIED,1,True,True,21,shortest_path,21,3,nonnegative_weight_unsupported,unsupported,1.034019,DOM,False,False,False,0.225738,1,1,2,True,300.521509,True,random,17/1,P1_FULLY_CHECKABLE
True,9/17,True,1/1,0,epsilon_q42,shortest_path_p2_s3004_epsilon_q42,1602,1.351028,VERIFIED,302.142825,VERIFIED,0,True,True,11,shortest_path,11,2,nonnegative_weight_supportable,supportable,1.115381,S+,True,True,True,0.183004,0,2,2,True,308.988564,True,random,,P1_FULLY_CHECKABLE
True,,False,,1,hash_control,shortest_path_p2_s3004_hash_control,1452,0.938111,VERIFIED,302.480521,VERIFIED,1,True,True,11,shortest_path,11,2,nonnegative_weight_unsupported,unsupported,0.678406,DOM,False,False,False,0.158928,1,1,2,True,376.168593,True,random,51/1,P1_FULLY_CHECKABLE
True,0/1,True,11/35,0,epsilon_q42,shortest_path_p2_s3005_epsilon_q42,1601,1.118771,VERIFIED,308.75582,VERIFIED,0,True,True,10,shortest_path,10,2,nonnegative_weight_supportable,supportable,0.742832,S+,True,True,True,0.143916,0,2,2,True,377.246894,True,random,,P1_FULLY_CHECKABLE
True,,False,,1,hash_control,shortest_path_p2_s3005_hash_control,1462,1.196327,VERIFIED,225.479394,VERIFIED,1,True,True,10,shortest_path,10,2,nonnegative_weight_unsupported,unsupported,0.746208,DOM,False,False,False,0.143004,1,1,2,True,280.8018,True,random,43/1,P1_FULLY_CHECKABLE
True,,,,0,epsilon_q42,shortest_path_p3_s3001_epsilon_q42,1655,1.518539,VERIFIED,382.957903,VERIFIED,0,True,True,4,shortest_path,4,2,positive_weight_supportable,supportable,0.740679,S+,True,True,True,0.472117,0,1,3,True,309.247183,True,random,,P1_FULLY_CHECKABLE
True,,,,1,hash_control,shortest_path_p3_s3001_hash_control,1512,0.893384,VERIFIED,373.816826,VERIFIED,1,True,True,4,shortest_path,4,2,nonnegative_weight_unsupported,unsupported,1.259156,DOM,False,False,False,0.752037,1,1,3,True,317.075469,True,random,16/1,P1_FULLY_CHECKABLE
True,,,,0,epsilon_q42,shortest_path_p3_s3002_epsilon_q42,1584,1.217269,VERIFIED,386.59141,VERIFIED,0,True,True,14,shortest_path,14,1,positive_weight_supportable,supportable,0.618346,S+,True,True,True,0.173009,0,1,3,True,623.469588,True,random,,P1_FULLY_CHECKABLE
True,,,,1,hash_control,shortest_path_p3_s3002_hash_control,1453,1.445144,VERIFIED,324.24794,VERIFIED,1,True,True,14,shortest_path,14,1,nonnegative_weight_unsupported,unsupported,1.142772,DOM,False,False,False,0.417636,1,1,3,True,299.888745,True,random,48/1,P1_FULLY_CHECKABLE
True,,,,0,epsilon_q42,shortest_path_p3_s3003_epsilon_q42,1584,1.621038,VERIFIED,402.703185,VERIFIED,0,True,True,22,shortest_path,22,2,positive_weight_supportable,supportable,0.824175,S+,True,True,True,0.404406,0,1,3,True,320.807728,True,random,,P1_FULLY_CHECKABLE
True,,,,1,hash_control,shortest_path_p3_s3003_hash_control,1445,1.31179,VERIFIED,292.669344,VERIFIED,1,True,True,22,shortest_path,22,2,nonnegative_weight_unsupported,unsupported,1.219807,DOM,False,False,False,0.604886,1,1,3,True,317.088171,True,random,20/1,P1_FULLY_CHECKABLE
True,,,,0,epsilon_q42,shortest_path_p3_s3004_epsilon_q42,1580,1.223708,VERIFIED,405.694388,VERIFIED,0,True,True,12,shortest_path,12,1,positive_weight_supportable,supportable,0.760088,S+,True,True,True,0.199379,0,1,3,True,373.019869,True,random,,P1_FULLY_CHECKABLE
True,,,,1,hash_control,shortest_path_p3_s3004_hash_control,1450,1.169987,VERIFIED,289.124952,VERIFIED,1,True,True,12,shortest_path,12,1,nonnegative_weight_unsupported,unsupported,1.074199,DOM,False,False,False,0.389083,1,1,3,True,226.672341,True,random,69/1,P1_FULLY_CHECKABLE
True,,,,0,epsilon_q42,shortest_path_p3_s3005_epsilon_q42,1607,1.303037,VERIFIED,229.943526,VERIFIED,0,True,True,7,shortest_path,7,1,positive_weight_supportable,supportable,0.58062,S+,True,True,True,0.159559,0,1,3,True,295.562629,True,random,,P1_FULLY_CHECKABLE
True,,,,1,hash_control,shortest_path_p3_s3005_hash_control,1470,7.453314,VERIFIED,273.13364,VERIFIED,1,True,True,7,shortest_path,7,1,nonnegative_weight_unsupported,unsupported,0.754921,DOM,False,False,False,0.28079,1,1,3,True,218.677447,True,random,33/1,P1_FULLY_CHECKABLE
True,,,,0,epsilon_q42,shortest_path_p4_s3001_epsilon_q42,1606,1.875093,VERIFIED,303.246246,VERIFIED,0,True,True,7,shortest_path,7,3,positive_weight_supportable,supportable,0.736283,S+,True,True,True,1.576731,0,1,4,True,373.387562,True,random,,P1_FULLY_CHECKABLE
True,,,,1,hash_control,shortest_path_p4_s3001_hash_control,1470,0.93165,VERIFIED,297.476859,VERIFIED,1,True,True,7,shortest_path,7,3,nonnegative_weight_unsupported,unsupported,1.282361,DOM,False,False,False,2.860835,1,1,4,True,319.164438,True,random,20/1,P1_FULLY_CHECKABLE
True,,,,0,epsilon_q42,shortest_path_p4_s3002_epsilon_q42,1600,1.216542,VERIFIED,311.442879,VERIFIED,0,True,True,4,shortest_path,4,1,positive_weight_supportable,supportable,0.745406,S+,True,True,True,0.3337,0,1,4,True,606.106761,True,random,,P1_FULLY_CHECKABLE
True,,,,1,hash_control,shortest_path_p4_s3002_hash_control,1476,0.653639,VERIFIED,478.902924,VERIFIED,1,True,True,4,shortest_path,4,1,nonnegative_weight_unsupported,unsupported,0.914579,DOM,False,False,False,0.628731,1,1,4,True,320.056261,True,random,54/1,P1_FULLY_CHECKABLE
True,,,,0,epsilon_q42,shortest_path_p4_s3003_epsilon_q42,1616,5.70841,VERIFIED,394.47821,VERIFIED,0,True,True,11,shortest_path,11,3,positive_weight_supportable,supportable,0.918606,S+,True,True,True,66.213663,0,1,4,True,301.570375,True,random,,P1_FULLY_CHECKABLE
True,,,,1,hash_control,shortest_path_p4_s3003_hash_control,1466,1.518659,VERIFIED,308.441421,VERIFIED,1,True,True,11,shortest_path,11,3,nonnegative_weight_unsupported,unsupported,1.140438,DOM,False,False,False,3.082407,1,1,4,True,380.418692,True,random,3/1,P1_FULLY_CHECKABLE
True,,,,0,epsilon_q42,shortest_path_p4_s3004_epsilon_q42,1617,1.116361,VERIFIED,394.091299,VERIFIED,0,True,True,8,shortest_path,8,3,nonnegative_weight_supportable,supportable,0.986497,S+,True,True,True,1.924613,0,2,4,True,311.389654,True,random,,P1_FULLY_CHECKABLE
True,,,,1,hash_control,shortest_path_p4_s3004_hash_control,1467,0.775371,VERIFIED,295.225438,VERIFIED,1,True,True,8,shortest_path,8,3,nonnegative_weight_unsupported,unsupported,1.267779,DOM,False,False,False,3.103017,1,1,4,True,296.578546,True,random,3/1,P1_FULLY_CHECKABLE
True,,,,0,epsilon_q42,shortest_path_p4_s3005_epsilon_q42,1651,1.241479,VERIFIED,293.975707,VERIFIED,0,True,True,14,shortest_path,14,4,nonnegative_weight_supportable,supportable,1.02771,S+,True,True,True,2.912102,0,2,4,True,308.296657,True,random,,P1_FULLY_CHECKABLE
True,,,,0,hash_control,shortest_path_p4_s3005_hash_control,1634,1.330032,VERIFIED,293.648196,VERIFIED,0,True,True,14,shortest_path,14,4,nonnegative_weight_supportable,supportable,1.055922,S+,True,True,True,2.813935,0,2,4,True,286.891496,True,random,,P1_FULLY_CHECKABLE
True,,False,,2,fixed_algebraically,tight_explicit_p2,1547,0.473999,VERIFIED,286.571427,VERIFIED,2,True,True,3,explicit_image,3,3,nonnegative_weight_unsupported,unsupported,0.873808,UNS,True,False,False,0.185668,1,2,2,True,296.185049,True,controlled_tight,1/2,P1_FULLY_CHECKABLE
True,,,,3,fixed_algebraically,tight_explicit_p3,1733,1.286737,VERIFIED,307.212125,VERIFIED,2,True,True,4,explicit_image,4,4,nonnegative_weight_unsupported,unsupported,2.512033,UNS,True,False,False,0.786608,1,3,3,True,381.204056,True,controlled_tight,1/3,P1_FULLY_CHECKABLE
True,,,,4,fixed_algebraically,tight_explicit_p4,1927,0.96501,VERIFIED,300.161507,VERIFIED,3,True,True,5,explicit_image,5,5,nonnegative_weight_unsupported,unsupported,9.121872,UNS,True,False,False,3.042006,1,4,4,True,625.398616,True,controlled_tight,1/4,P1_FULLY_CHECKABLE
True,,,,5,fixed_algebraically,tight_explicit_p5,2129,1.479606,VERIFIED,382.759973,VERIFIED,3,True,True,6,explicit_image,6,6,nonnegative_weight_unsupported,unsupported,104.202872,UNS,True,False,False,79.353455,1,5,5,True,406.290386,True,controlled_tight,1/5,P1_FULLY_CHECKABLE
