atom_count,case_id,certificate_bytes,checker_kernel_ms,claim,coefficient_sum_bits,digest_match,generation_ms,max_coefficient_bits,oracle_calls,repetition,strict_margin,trust_level
0,timing_assignment_n40_p3_supportable,2185,13.086573,positive_weight_supportable,0,True,15.257525,0,1,1,,P1_FULLY_CHECKABLE
0,timing_assignment_n40_p3_supportable,2185,13.917078,positive_weight_supportable,0,True,16.538404,0,1,2,,P1_FULLY_CHECKABLE
0,timing_assignment_n40_p3_supportable,2185,14.55605,positive_weight_supportable,0,True,17.212654,0,1,3,,P1_FULLY_CHECKABLE
0,timing_assignment_n40_p3_supportable,2185,13.734383,positive_weight_supportable,0,True,16.427958,0,1,4,,P1_FULLY_CHECKABLE
0,timing_assignment_n40_p3_supportable,2185,13.239573,positive_weight_supportable,0,True,17.386434,0,1,5,,P1_FULLY_CHECKABLE
0,timing_assignment_n40_p3_supportable,2185,12.722583,positive_weight_supportable,0,True,15.68819,0,1,6,,P1_FULLY_CHECKABLE
0,timing_assignment_n40_p3_supportable,2185,13.271876,positive_weight_supportable,0,True,15.178577,0,1,7,,P1_FULLY_CHECKABLE
0,timing_assignment_n40_p3_supportable,2185,14.28531,positive_weight_supportable,0,True,94.473909,0,1,8,,P1_FULLY_CHECKABLE
0,timing_assignment_n40_p3_supportable,2185,13.342722,positive_weight_supportable,0,True,16.919404,0,1,9,,P1_FULLY_CHECKABLE
0,timing_assignment_n40_p3_supportable,2185,13.193098,positive_weight_supportable,0,True,15.575121,0,1,10,,P1_FULLY_CHECKABLE
0,timing_assignment_n40_p3_supportable,2185,13.574971,positive_weight_supportable,0,True,16.859946,0,1,11,,P1_FULLY_CHECKABLE
0,timing_assignment_n40_p3_supportable,2185,14.498293,positive_weight_supportable,0,True,15.611646,0,1,12,,P1_FULLY_CHECKABLE
0,timing_assignment_n40_p3_supportable,2185,13.315541,positive_weight_supportable,0,True,20.318666,0,1,13,,P1_FULLY_CHECKABLE
0,timing_assignment_n40_p3_supportable,2185,12.874315,positive_weight_supportable,0,True,15.538827,0,1,14,,P1_FULLY_CHECKABLE
0,timing_assignment_n40_p3_supportable,2185,14.404208,positive_weight_supportable,0,True,15.38034,0,1,15,,P1_FULLY_CHECKABLE
0,timing_assignment_n40_p3_supportable,2185,13.372931,positive_weight_supportable,0,True,16.240438,0,1,16,,P1_FULLY_CHECKABLE
0,timing_assignment_n40_p3_supportable,2185,13.176548,positive_weight_supportable,0,True,16.054819,0,1,17,,P1_FULLY_CHECKABLE
0,timing_assignment_n40_p3_supportable,2185,13.726777,positive_weight_supportable,0,True,15.30112,0,1,18,,P1_FULLY_CHECKABLE
0,timing_assignment_n40_p3_supportable,2185,13.645656,positive_weight_supportable,0,True,16.10817,0,1,19,,P1_FULLY_CHECKABLE
0,timing_assignment_n40_p3_supportable,2185,23.277324,positive_weight_supportable,0,True,16.157043,0,1,20,,P1_FULLY_CHECKABLE
0,timing_assignment_n40_p3_supportable,2185,13.713964,positive_weight_supportable,0,True,27.805633,0,1,21,,P1_FULLY_CHECKABLE
0,timing_assignment_n40_p3_supportable,2185,15.26678,positive_weight_supportable,0,True,15.718045,0,1,22,,P1_FULLY_CHECKABLE
0,timing_assignment_n40_p3_supportable,2185,28.867303,positive_weight_supportable,0,True,18.174565,0,1,23,,P1_FULLY_CHECKABLE
0,timing_assignment_n40_p3_supportable,2185,16.313818,positive_weight_supportable,0,True,15.504701,0,1,24,,P1_FULLY_CHECKABLE
0,timing_assignment_n40_p3_supportable,2185,14.005385,positive_weight_supportable,0,True,27.895477,0,1,25,,P1_FULLY_CHECKABLE
0,timing_assignment_n40_p3_supportable,2185,13.027024,positive_weight_supportable,0,True,16.654518,0,1,26,,P1_FULLY_CHECKABLE
0,timing_assignment_n40_p3_supportable,2185,13.058541,positive_weight_supportable,0,True,15.599007,0,1,27,,P1_FULLY_CHECKABLE
0,timing_assignment_n40_p3_supportable,2185,13.149337,positive_weight_supportable,0,True,16.536121,0,1,28,,P1_FULLY_CHECKABLE
0,timing_assignment_n40_p3_supportable,2185,12.892467,positive_weight_supportable,0,True,15.812927,0,1,29,,P1_FULLY_CHECKABLE
0,timing_assignment_n40_p3_supportable,2185,13.920863,positive_weight_supportable,0,True,21.699436,0,1,30,,P1_FULLY_CHECKABLE
0,timing_assignment_n60_p4_supportable,2559,37.768242,positive_weight_supportable,0,True,41.298715,0,1,1,,P1_FULLY_CHECKABLE
0,timing_assignment_n60_p4_supportable,2559,37.773114,positive_weight_supportable,0,True,50.255543,0,1,2,,P1_FULLY_CHECKABLE
0,timing_assignment_n60_p4_supportable,2559,38.832315,positive_weight_supportable,0,True,42.226385,0,1,3,,P1_FULLY_CHECKABLE
0,timing_assignment_n60_p4_supportable,2559,37.818327,positive_weight_supportable,0,True,54.175524,0,1,4,,P1_FULLY_CHECKABLE
0,timing_assignment_n60_p4_supportable,2559,43.446057,positive_weight_supportable,0,True,42.212554,0,1,5,,P1_FULLY_CHECKABLE
0,timing_assignment_n60_p4_supportable,2559,37.97439,positive_weight_supportable,0,True,47.874615,0,1,6,,P1_FULLY_CHECKABLE
0,timing_assignment_n60_p4_supportable,2559,36.786901,positive_weight_supportable,0,True,42.273665,0,1,7,,P1_FULLY_CHECKABLE
0,timing_assignment_n60_p4_supportable,2559,37.376625,positive_weight_supportable,0,True,43.072312,0,1,8,,P1_FULLY_CHECKABLE
0,timing_assignment_n60_p4_supportable,2559,38.587739,positive_weight_supportable,0,True,54.216245,0,1,9,,P1_FULLY_CHECKABLE
0,timing_assignment_n60_p4_supportable,2559,38.204945,positive_weight_supportable,0,True,42.673795,0,1,10,,P1_FULLY_CHECKABLE
0,timing_assignment_n60_p4_supportable,2559,38.393918,positive_weight_supportable,0,True,41.566966,0,1,11,,P1_FULLY_CHECKABLE
0,timing_assignment_n60_p4_supportable,2559,40.25707,positive_weight_supportable,0,True,42.986824,0,1,12,,P1_FULLY_CHECKABLE
0,timing_assignment_n60_p4_supportable,2559,41.359211,positive_weight_supportable,0,True,44.211608,0,1,13,,P1_FULLY_CHECKABLE
0,timing_assignment_n60_p4_supportable,2559,36.99562,positive_weight_supportable,0,True,42.399394,0,1,14,,P1_FULLY_CHECKABLE
0,timing_assignment_n60_p4_supportable,2559,37.021107,positive_weight_supportable,0,True,226.290091,0,1,15,,P1_FULLY_CHECKABLE
0,timing_assignment_n60_p4_supportable,2559,48.302647,positive_weight_supportable,0,True,42.112233,0,1,16,,P1_FULLY_CHECKABLE
0,timing_assignment_n60_p4_supportable,2559,38.947428,positive_weight_supportable,0,True,43.959491,0,1,17,,P1_FULLY_CHECKABLE
0,timing_assignment_n60_p4_supportable,2559,58.989009,positive_weight_supportable,0,True,43.369898,0,1,18,,P1_FULLY_CHECKABLE
0,timing_assignment_n60_p4_supportable,2559,37.459544,positive_weight_supportable,0,True,43.43815,0,1,19,,P1_FULLY_CHECKABLE
0,timing_assignment_n60_p4_supportable,2559,41.131846,positive_weight_supportable,0,True,42.457251,0,1,20,,P1_FULLY_CHECKABLE
0,timing_assignment_n60_p4_supportable,2559,38.56815,positive_weight_supportable,0,True,43.396207,0,1,21,,P1_FULLY_CHECKABLE
0,timing_assignment_n60_p4_supportable,2559,36.985954,positive_weight_supportable,0,True,42.585713,0,1,22,,P1_FULLY_CHECKABLE
0,timing_assignment_n60_p4_supportable,2559,38.498765,positive_weight_supportable,0,True,41.260317,0,1,23,,P1_FULLY_CHECKABLE
0,timing_assignment_n60_p4_supportable,2559,41.846631,positive_weight_supportable,0,True,47.427937,0,1,24,,P1_FULLY_CHECKABLE
0,timing_assignment_n60_p4_supportable,2559,63.589676,positive_weight_supportable,0,True,42.702458,0,1,25,,P1_FULLY_CHECKABLE
0,timing_assignment_n60_p4_supportable,2559,40.729938,positive_weight_supportable,0,True,88.062006,0,1,26,,P1_FULLY_CHECKABLE
0,timing_assignment_n60_p4_supportable,2559,38.532216,positive_weight_supportable,0,True,64.467572,0,1,27,,P1_FULLY_CHECKABLE
0,timing_assignment_n60_p4_supportable,2559,38.088095,positive_weight_supportable,0,True,44.727957,0,1,28,,P1_FULLY_CHECKABLE
0,timing_assignment_n60_p4_supportable,2559,36.846721,positive_weight_supportable,0,True,42.760716,0,1,29,,P1_FULLY_CHECKABLE
0,timing_assignment_n60_p4_supportable,2559,41.940321,positive_weight_supportable,0,True,41.702721,0,1,30,,P1_FULLY_CHECKABLE
2,timing_binary_negative_p2,1551,0.439158,nonnegative_weight_unsupported,2,True,0.844425,1,2,1,1/1,P1_FULLY_CHECKABLE
2,timing_binary_negative_p2,1551,0.406779,nonnegative_weight_unsupported,2,True,0.871175,1,2,2,1/1,P1_FULLY_CHECKABLE
2,timing_binary_negative_p2,1551,0.403534,nonnegative_weight_unsupported,2,True,0.833799,1,2,3,1/1,P1_FULLY_CHECKABLE
2,timing_binary_negative_p2,1551,0.398256,nonnegative_weight_unsupported,2,True,0.89425,1,2,4,1/1,P1_FULLY_CHECKABLE
2,timing_binary_negative_p2,1551,0.384085,nonnegative_weight_unsupported,2,True,0.84115,1,2,5,1/1,P1_FULLY_CHECKABLE
2,timing_binary_negative_p2,1551,0.367981,nonnegative_weight_unsupported,2,True,0.812457,1,2,6,1/1,P1_FULLY_CHECKABLE
2,timing_binary_negative_p2,1551,0.384225,nonnegative_weight_unsupported,2,True,0.852206,1,2,7,1/1,P1_FULLY_CHECKABLE
2,timing_binary_negative_p2,1551,0.377345,nonnegative_weight_unsupported,2,True,0.867159,1,2,8,1/1,P1_FULLY_CHECKABLE
2,timing_binary_negative_p2,1551,0.489142,nonnegative_weight_unsupported,2,True,0.815812,1,2,9,1/1,P1_FULLY_CHECKABLE
2,timing_binary_negative_p2,1551,0.477956,nonnegative_weight_unsupported,2,True,0.812967,1,2,10,1/1,P1_FULLY_CHECKABLE
2,timing_binary_negative_p2,1551,0.516013,nonnegative_weight_unsupported,2,True,0.784596,1,2,11,1/1,P1_FULLY_CHECKABLE
2,timing_binary_negative_p2,1551,0.370536,nonnegative_weight_unsupported,2,True,0.816684,1,2,12,1/1,P1_FULLY_CHECKABLE
2,timing_binary_negative_p2,1551,0.419208,nonnegative_weight_unsupported,2,True,0.762643,1,2,13,1/1,P1_FULLY_CHECKABLE
2,timing_binary_negative_p2,1551,0.639498,nonnegative_weight_unsupported,2,True,0.752898,1,2,14,1/1,P1_FULLY_CHECKABLE
2,timing_binary_negative_p2,1551,0.366589,nonnegative_weight_unsupported,2,True,0.850044,1,2,15,1/1,P1_FULLY_CHECKABLE
2,timing_binary_negative_p2,1551,0.368953,nonnegative_weight_unsupported,2,True,0.785917,1,2,16,1/1,P1_FULLY_CHECKABLE
2,timing_binary_negative_p2,1551,0.351186,nonnegative_weight_unsupported,2,True,0.762863,1,2,17,1/1,P1_FULLY_CHECKABLE
2,timing_binary_negative_p2,1551,0.339529,nonnegative_weight_unsupported,2,True,0.757454,1,2,18,1/1,P1_FULLY_CHECKABLE
2,timing_binary_negative_p2,1551,0.340481,nonnegative_weight_unsupported,2,True,0.755482,1,2,19,1/1,P1_FULLY_CHECKABLE
2,timing_binary_negative_p2,1551,0.338587,nonnegative_weight_unsupported,2,True,0.756023,1,2,20,1/1,P1_FULLY_CHECKABLE
2,timing_binary_negative_p2,1551,0.334241,nonnegative_weight_unsupported,2,True,0.756634,1,2,21,1/1,P1_FULLY_CHECKABLE
2,timing_binary_negative_p2,1551,0.336464,nonnegative_weight_unsupported,2,True,0.745387,1,2,22,1/1,P1_FULLY_CHECKABLE
2,timing_binary_negative_p2,1551,0.349764,nonnegative_weight_unsupported,2,True,0.739187,1,2,23,1/1,P1_FULLY_CHECKABLE
2,timing_binary_negative_p2,1551,0.349343,nonnegative_weight_unsupported,2,True,0.761831,1,2,24,1/1,P1_FULLY_CHECKABLE
2,timing_binary_negative_p2,1551,0.338908,nonnegative_weight_unsupported,2,True,0.754591,1,2,25,1/1,P1_FULLY_CHECKABLE
2,timing_binary_negative_p2,1551,0.334391,nonnegative_weight_unsupported,2,True,0.742483,1,2,26,1/1,P1_FULLY_CHECKABLE
2,timing_binary_negative_p2,1551,0.334321,nonnegative_weight_unsupported,2,True,0.766117,1,2,27,1/1,P1_FULLY_CHECKABLE
2,timing_binary_negative_p2,1551,0.333589,nonnegative_weight_unsupported,2,True,0.745517,1,2,28,1/1,P1_FULLY_CHECKABLE
2,timing_binary_negative_p2,1551,0.345938,nonnegative_weight_unsupported,2,True,0.736723,1,2,29,1/1,P1_FULLY_CHECKABLE
2,timing_binary_negative_p2,1551,0.367561,nonnegative_weight_unsupported,2,True,0.745176,1,2,30,1/1,P1_FULLY_CHECKABLE
0,timing_narrow_interval_q1000000,1499,0.519088,positive_weight_supportable,0,True,0.630594,0,3,1,,P1_FULLY_CHECKABLE
0,timing_narrow_interval_q1000000,1499,0.405767,positive_weight_supportable,0,True,0.699217,0,3,2,,P1_FULLY_CHECKABLE
0,timing_narrow_interval_q1000000,1499,0.402543,positive_weight_supportable,0,True,0.622953,0,3,3,,P1_FULLY_CHECKABLE
0,timing_narrow_interval_q1000000,1499,0.376293,positive_weight_supportable,0,True,0.612508,0,3,4,,P1_FULLY_CHECKABLE
0,timing_narrow_interval_q1000000,1499,0.4071,positive_weight_supportable,0,True,0.600119,0,3,5,,P1_FULLY_CHECKABLE
0,timing_narrow_interval_q1000000,1499,0.383044,positive_weight_supportable,0,True,0.633189,0,3,6,,P1_FULLY_CHECKABLE
0,timing_narrow_interval_q1000000,1499,0.4604,positive_weight_supportable,0,True,0.587531,0,3,7,,P1_FULLY_CHECKABLE
0,timing_narrow_interval_q1000000,1499,1.760647,positive_weight_supportable,0,True,0.672418,0,3,8,,P1_FULLY_CHECKABLE
0,timing_narrow_interval_q1000000,1499,0.612352,positive_weight_supportable,0,True,0.664686,0,3,9,,P1_FULLY_CHECKABLE
0,timing_narrow_interval_q1000000,1499,0.438928,positive_weight_supportable,0,True,0.633208,0,3,10,,P1_FULLY_CHECKABLE
0,timing_narrow_interval_q1000000,1499,0.351276,positive_weight_supportable,0,True,0.596263,0,3,11,,P1_FULLY_CHECKABLE
0,timing_narrow_interval_q1000000,1499,0.387281,positive_weight_supportable,0,True,0.571747,0,3,12,,P1_FULLY_CHECKABLE
0,timing_narrow_interval_q1000000,1499,0.643268,positive_weight_supportable,0,True,0.581,0,3,13,,P1_FULLY_CHECKABLE
0,timing_narrow_interval_q1000000,1499,0.618322,positive_weight_supportable,0,True,0.630935,0,3,14,,P1_FULLY_CHECKABLE
0,timing_narrow_interval_q1000000,1499,0.476704,positive_weight_supportable,0,True,0.709052,0,3,15,,P1_FULLY_CHECKABLE
0,timing_narrow_interval_q1000000,1499,0.399578,positive_weight_supportable,0,True,0.610535,0,3,16,,P1_FULLY_CHECKABLE
0,timing_narrow_interval_q1000000,1499,0.422603,positive_weight_supportable,0,True,0.58093,0,3,17,,P1_FULLY_CHECKABLE
0,timing_narrow_interval_q1000000,1499,0.425627,positive_weight_supportable,0,True,0.585637,0,3,18,,P1_FULLY_CHECKABLE
0,timing_narrow_interval_q1000000,1499,0.38017,positive_weight_supportable,0,True,0.58731,0,3,19,,P1_FULLY_CHECKABLE
0,timing_narrow_interval_q1000000,1499,0.380049,positive_weight_supportable,0,True,0.618527,0,3,20,,P1_FULLY_CHECKABLE
0,timing_narrow_interval_q1000000,1499,0.406038,positive_weight_supportable,0,True,0.588942,0,3,21,,P1_FULLY_CHECKABLE
0,timing_narrow_interval_q1000000,1499,0.411456,positive_weight_supportable,0,True,0.587781,0,3,22,,P1_FULLY_CHECKABLE
0,timing_narrow_interval_q1000000,1499,0.413509,positive_weight_supportable,0,True,0.571045,0,3,23,,P1_FULLY_CHECKABLE
0,timing_narrow_interval_q1000000,1499,0.573299,positive_weight_supportable,0,True,0.584145,0,3,24,,P1_FULLY_CHECKABLE
0,timing_narrow_interval_q1000000,1499,0.702473,positive_weight_supportable,0,True,0.639629,0,3,25,,P1_FULLY_CHECKABLE
0,timing_narrow_interval_q1000000,1499,0.656715,positive_weight_supportable,0,True,0.855722,0,3,26,,P1_FULLY_CHECKABLE
0,timing_narrow_interval_q1000000,1499,0.614616,positive_weight_supportable,0,True,0.682393,0,3,27,,P1_FULLY_CHECKABLE
0,timing_narrow_interval_q1000000,1499,0.445437,positive_weight_supportable,0,True,0.633198,0,3,28,,P1_FULLY_CHECKABLE
0,timing_narrow_interval_q1000000,1499,0.385738,positive_weight_supportable,0,True,0.898365,0,3,29,,P1_FULLY_CHECKABLE
0,timing_narrow_interval_q1000000,1499,0.538467,positive_weight_supportable,0,True,0.640219,0,3,30,,P1_FULLY_CHECKABLE
0,timing_shortest_L400_p3_supportable,42140,72.433834,positive_weight_supportable,0,True,73.131931,0,1,1,,P1_FULLY_CHECKABLE
0,timing_shortest_L400_p3_supportable,42140,74.805388,positive_weight_supportable,0,True,69.56002,0,1,2,,P1_FULLY_CHECKABLE
0,timing_shortest_L400_p3_supportable,42140,70.288385,positive_weight_supportable,0,True,70.050214,0,1,3,,P1_FULLY_CHECKABLE
0,timing_shortest_L400_p3_supportable,42140,73.349477,positive_weight_supportable,0,True,70.013228,0,1,4,,P1_FULLY_CHECKABLE
0,timing_shortest_L400_p3_supportable,42140,72.584145,positive_weight_supportable,0,True,75.769552,0,1,5,,P1_FULLY_CHECKABLE
0,timing_shortest_L400_p3_supportable,42140,70.348635,positive_weight_supportable,0,True,67.267785,0,1,6,,P1_FULLY_CHECKABLE
0,timing_shortest_L400_p3_supportable,42140,94.548439,positive_weight_supportable,0,True,67.046433,0,1,7,,P1_FULLY_CHECKABLE
0,timing_shortest_L400_p3_supportable,42140,71.393851,positive_weight_supportable,0,True,68.082355,0,1,8,,P1_FULLY_CHECKABLE
0,timing_shortest_L400_p3_supportable,42140,70.625305,positive_weight_supportable,0,True,68.441974,0,1,9,,P1_FULLY_CHECKABLE
0,timing_shortest_L400_p3_supportable,42140,75.48483,positive_weight_supportable,0,True,69.176344,0,1,10,,P1_FULLY_CHECKABLE
0,timing_shortest_L400_p3_supportable,42140,76.13627,positive_weight_supportable,0,True,73.749936,0,1,11,,P1_FULLY_CHECKABLE
0,timing_shortest_L400_p3_supportable,42140,71.343646,positive_weight_supportable,0,True,71.581878,0,1,12,,P1_FULLY_CHECKABLE
0,timing_shortest_L400_p3_supportable,42140,73.181004,positive_weight_supportable,0,True,67.361084,0,1,13,,P1_FULLY_CHECKABLE
0,timing_shortest_L400_p3_supportable,42140,72.089607,positive_weight_supportable,0,True,69.404566,0,1,14,,P1_FULLY_CHECKABLE
0,timing_shortest_L400_p3_supportable,42140,152.453608,positive_weight_supportable,0,True,71.368447,0,1,15,,P1_FULLY_CHECKABLE
0,timing_shortest_L400_p3_supportable,42140,71.105764,positive_weight_supportable,0,True,69.111107,0,1,16,,P1_FULLY_CHECKABLE
0,timing_shortest_L400_p3_supportable,42140,71.669283,positive_weight_supportable,0,True,78.868194,0,1,17,,P1_FULLY_CHECKABLE
0,timing_shortest_L400_p3_supportable,42140,71.961607,positive_weight_supportable,0,True,74.295683,0,1,18,,P1_FULLY_CHECKABLE
0,timing_shortest_L400_p3_supportable,42140,73.84932,positive_weight_supportable,0,True,69.293759,0,1,19,,P1_FULLY_CHECKABLE
0,timing_shortest_L400_p3_supportable,42140,72.565696,positive_weight_supportable,0,True,81.333447,0,1,20,,P1_FULLY_CHECKABLE
0,timing_shortest_L400_p3_supportable,42140,72.453534,positive_weight_supportable,0,True,70.660187,0,1,21,,P1_FULLY_CHECKABLE
0,timing_shortest_L400_p3_supportable,42140,71.249019,positive_weight_supportable,0,True,70.939746,0,1,22,,P1_FULLY_CHECKABLE
0,timing_shortest_L400_p3_supportable,42140,73.404684,positive_weight_supportable,0,True,67.016408,0,1,23,,P1_FULLY_CHECKABLE
0,timing_shortest_L400_p3_supportable,42140,72.75841,positive_weight_supportable,0,True,71.235559,0,1,24,,P1_FULLY_CHECKABLE
0,timing_shortest_L400_p3_supportable,42140,71.061669,positive_weight_supportable,0,True,67.79813,0,1,25,,P1_FULLY_CHECKABLE
0,timing_shortest_L400_p3_supportable,42140,73.593651,positive_weight_supportable,0,True,67.984738,0,1,26,,P1_FULLY_CHECKABLE
0,timing_shortest_L400_p3_supportable,42140,69.430284,positive_weight_supportable,0,True,71.675017,0,1,27,,P1_FULLY_CHECKABLE
0,timing_shortest_L400_p3_supportable,42140,71.940195,positive_weight_supportable,0,True,67.808454,0,1,28,,P1_FULLY_CHECKABLE
0,timing_shortest_L400_p3_supportable,42140,72.480513,positive_weight_supportable,0,True,68.041073,0,1,29,,P1_FULLY_CHECKABLE
0,timing_shortest_L400_p3_supportable,42140,75.196293,positive_weight_supportable,0,True,70.029361,0,1,30,,P1_FULLY_CHECKABLE
3,timing_shortest_L400_p3_unsupported,19339,57.292973,nonnegative_weight_unsupported,2,True,109.629661,1,3,1,1/3,P1_FULLY_CHECKABLE
3,timing_shortest_L400_p3_unsupported,19339,55.461885,nonnegative_weight_unsupported,2,True,108.788211,1,3,2,1/3,P1_FULLY_CHECKABLE
3,timing_shortest_L400_p3_unsupported,19339,53.981426,nonnegative_weight_unsupported,2,True,108.66797,1,3,3,1/3,P1_FULLY_CHECKABLE
3,timing_shortest_L400_p3_unsupported,19339,58.337497,nonnegative_weight_unsupported,2,True,158.747636,1,3,4,1/3,P1_FULLY_CHECKABLE
3,timing_shortest_L400_p3_unsupported,19339,53.294348,nonnegative_weight_unsupported,2,True,105.951461,1,3,5,1/3,P1_FULLY_CHECKABLE
3,timing_shortest_L400_p3_unsupported,19339,53.751066,nonnegative_weight_unsupported,2,True,104.968868,1,3,6,1/3,P1_FULLY_CHECKABLE
3,timing_shortest_L400_p3_unsupported,19339,53.657952,nonnegative_weight_unsupported,2,True,107.324888,1,3,7,1/3,P1_FULLY_CHECKABLE
3,timing_shortest_L400_p3_unsupported,19339,81.538366,nonnegative_weight_unsupported,2,True,108.511134,1,3,8,1/3,P1_FULLY_CHECKABLE
3,timing_shortest_L400_p3_unsupported,19339,55.732505,nonnegative_weight_unsupported,2,True,105.882437,1,3,9,1/3,P1_FULLY_CHECKABLE
3,timing_shortest_L400_p3_unsupported,19339,135.049077,nonnegative_weight_unsupported,2,True,111.063978,1,3,10,1/3,P1_FULLY_CHECKABLE
3,timing_shortest_L400_p3_unsupported,19339,56.505318,nonnegative_weight_unsupported,2,True,116.433567,1,3,11,1/3,P1_FULLY_CHECKABLE
3,timing_shortest_L400_p3_unsupported,19339,54.785771,nonnegative_weight_unsupported,2,True,109.220287,1,3,12,1/3,P1_FULLY_CHECKABLE
3,timing_shortest_L400_p3_unsupported,19339,57.857699,nonnegative_weight_unsupported,2,True,107.435418,1,3,13,1/3,P1_FULLY_CHECKABLE
3,timing_shortest_L400_p3_unsupported,19339,58.776618,nonnegative_weight_unsupported,2,True,110.45725,1,3,14,1/3,P1_FULLY_CHECKABLE
3,timing_shortest_L400_p3_unsupported,19339,56.109895,nonnegative_weight_unsupported,2,True,111.030877,1,3,15,1/3,P1_FULLY_CHECKABLE
3,timing_shortest_L400_p3_unsupported,19339,59.795059,nonnegative_weight_unsupported,2,True,106.811176,1,3,16,1/3,P1_FULLY_CHECKABLE
3,timing_shortest_L400_p3_unsupported,19339,54.898685,nonnegative_weight_unsupported,2,True,108.512405,1,3,17,1/3,P1_FULLY_CHECKABLE
3,timing_shortest_L400_p3_unsupported,19339,55.451162,nonnegative_weight_unsupported,2,True,109.02957,1,3,18,1/3,P1_FULLY_CHECKABLE
3,timing_shortest_L400_p3_unsupported,19339,58.786053,nonnegative_weight_unsupported,2,True,110.06468,1,3,19,1/3,P1_FULLY_CHECKABLE
3,timing_shortest_L400_p3_unsupported,19339,53.623285,nonnegative_weight_unsupported,2,True,114.802077,1,3,20,1/3,P1_FULLY_CHECKABLE
3,timing_shortest_L400_p3_unsupported,19339,54.778942,nonnegative_weight_unsupported,2,True,106.570407,1,3,21,1/3,P1_FULLY_CHECKABLE
3,timing_shortest_L400_p3_unsupported,19339,55.321289,nonnegative_weight_unsupported,2,True,107.264647,1,3,22,1/3,P1_FULLY_CHECKABLE
3,timing_shortest_L400_p3_unsupported,19339,53.143456,nonnegative_weight_unsupported,2,True,181.738505,1,3,23,1/3,P1_FULLY_CHECKABLE
3,timing_shortest_L400_p3_unsupported,19339,54.171997,nonnegative_weight_unsupported,2,True,105.503109,1,3,24,1/3,P1_FULLY_CHECKABLE
3,timing_shortest_L400_p3_unsupported,19339,54.628116,nonnegative_weight_unsupported,2,True,106.356437,1,3,25,1/3,P1_FULLY_CHECKABLE
3,timing_shortest_L400_p3_unsupported,19339,52.581705,nonnegative_weight_unsupported,2,True,129.532864,1,3,26,1/3,P1_FULLY_CHECKABLE
3,timing_shortest_L400_p3_unsupported,19339,54.059704,nonnegative_weight_unsupported,2,True,106.825018,1,3,27,1/3,P1_FULLY_CHECKABLE
3,timing_shortest_L400_p3_unsupported,19339,53.482509,nonnegative_weight_unsupported,2,True,104.34592,1,3,28,1/3,P1_FULLY_CHECKABLE
3,timing_shortest_L400_p3_unsupported,19339,57.23156,nonnegative_weight_unsupported,2,True,108.60178,1,3,29,1/3,P1_FULLY_CHECKABLE
3,timing_shortest_L400_p3_unsupported,19339,54.374059,nonnegative_weight_unsupported,2,True,109.553265,1,3,30,1/3,P1_FULLY_CHECKABLE
4,timing_shortest_L400_p4_unsupported,23934,72.962847,nonnegative_weight_unsupported,3,True,176.00063,1,4,1,1/4,P1_FULLY_CHECKABLE
4,timing_shortest_L400_p4_unsupported,23934,73.921573,nonnegative_weight_unsupported,3,True,173.375993,1,4,2,1/4,P1_FULLY_CHECKABLE
4,timing_shortest_L400_p4_unsupported,23934,79.406044,nonnegative_weight_unsupported,3,True,173.783574,1,4,3,1/4,P1_FULLY_CHECKABLE
4,timing_shortest_L400_p4_unsupported,23934,75.390342,nonnegative_weight_unsupported,3,True,177.42639,1,4,4,1/4,P1_FULLY_CHECKABLE
4,timing_shortest_L400_p4_unsupported,23934,85.777813,nonnegative_weight_unsupported,3,True,177.801041,1,4,5,1/4,P1_FULLY_CHECKABLE
4,timing_shortest_L400_p4_unsupported,23934,74.837595,nonnegative_weight_unsupported,3,True,191.479842,1,4,6,1/4,P1_FULLY_CHECKABLE
4,timing_shortest_L400_p4_unsupported,23934,76.728293,nonnegative_weight_unsupported,3,True,247.170586,1,4,7,1/4,P1_FULLY_CHECKABLE
4,timing_shortest_L400_p4_unsupported,23934,76.194242,nonnegative_weight_unsupported,3,True,180.415808,1,4,8,1/4,P1_FULLY_CHECKABLE
4,timing_shortest_L400_p4_unsupported,23934,72.445341,nonnegative_weight_unsupported,3,True,187.668833,1,4,9,1/4,P1_FULLY_CHECKABLE
4,timing_shortest_L400_p4_unsupported,23934,73.716646,nonnegative_weight_unsupported,3,True,174.63634,1,4,10,1/4,P1_FULLY_CHECKABLE
4,timing_shortest_L400_p4_unsupported,23934,73.061619,nonnegative_weight_unsupported,3,True,176.621314,1,4,11,1/4,P1_FULLY_CHECKABLE
4,timing_shortest_L400_p4_unsupported,23934,72.288126,nonnegative_weight_unsupported,3,True,177.94086,1,4,12,1/4,P1_FULLY_CHECKABLE
4,timing_shortest_L400_p4_unsupported,23934,75.873387,nonnegative_weight_unsupported,3,True,174.323813,1,4,13,1/4,P1_FULLY_CHECKABLE
4,timing_shortest_L400_p4_unsupported,23934,71.350486,nonnegative_weight_unsupported,3,True,176.893171,1,4,14,1/4,P1_FULLY_CHECKABLE
4,timing_shortest_L400_p4_unsupported,23934,74.963022,nonnegative_weight_unsupported,3,True,175.490209,1,4,15,1/4,P1_FULLY_CHECKABLE
4,timing_shortest_L400_p4_unsupported,23934,73.950156,nonnegative_weight_unsupported,3,True,176.432722,1,4,16,1/4,P1_FULLY_CHECKABLE
4,timing_shortest_L400_p4_unsupported,23934,73.066466,nonnegative_weight_unsupported,3,True,173.918124,1,4,17,1/4,P1_FULLY_CHECKABLE
4,timing_shortest_L400_p4_unsupported,23934,77.695261,nonnegative_weight_unsupported,3,True,242.970174,1,4,18,1/4,P1_FULLY_CHECKABLE
4,timing_shortest_L400_p4_unsupported,23934,73.057473,nonnegative_weight_unsupported,3,True,177.401874,1,4,19,1/4,P1_FULLY_CHECKABLE
4,timing_shortest_L400_p4_unsupported,23934,75.499371,nonnegative_weight_unsupported,3,True,175.147226,1,4,20,1/4,P1_FULLY_CHECKABLE
4,timing_shortest_L400_p4_unsupported,23934,73.284153,nonnegative_weight_unsupported,3,True,174.977281,1,4,21,1/4,P1_FULLY_CHECKABLE
4,timing_shortest_L400_p4_unsupported,23934,73.805309,nonnegative_weight_unsupported,3,True,173.497375,1,4,22,1/4,P1_FULLY_CHECKABLE
4,timing_shortest_L400_p4_unsupported,23934,79.101927,nonnegative_weight_unsupported,3,True,175.035639,1,4,23,1/4,P1_FULLY_CHECKABLE
4,timing_shortest_L400_p4_unsupported,23934,74.665171,nonnegative_weight_unsupported,3,True,174.383983,1,4,24,1/4,P1_FULLY_CHECKABLE
4,timing_shortest_L400_p4_unsupported,23934,72.01745,nonnegative_weight_unsupported,3,True,173.657975,1,4,25,1/4,P1_FULLY_CHECKABLE
4,timing_shortest_L400_p4_unsupported,23934,72.950152,nonnegative_weight_unsupported,3,True,174.613746,1,4,26,1/4,P1_FULLY_CHECKABLE
4,timing_shortest_L400_p4_unsupported,23934,75.031995,nonnegative_weight_unsupported,3,True,180.646012,1,4,27,1/4,P1_FULLY_CHECKABLE
4,timing_shortest_L400_p4_unsupported,23934,73.865737,nonnegative_weight_unsupported,3,True,246.083906,1,4,28,1/4,P1_FULLY_CHECKABLE
4,timing_shortest_L400_p4_unsupported,23934,73.380657,nonnegative_weight_unsupported,3,True,176.179101,1,4,29,1/4,P1_FULLY_CHECKABLE
4,timing_shortest_L400_p4_unsupported,23934,72.92217,nonnegative_weight_unsupported,3,True,174.475559,1,4,30,1/4,P1_FULLY_CHECKABLE
4,timing_tight_explicit_p4,1934,0.577475,nonnegative_weight_unsupported,3,True,9.336936,1,4,1,1/4,P1_FULLY_CHECKABLE
4,timing_tight_explicit_p4,1934,0.71792,nonnegative_weight_unsupported,3,True,9.952689,1,4,2,1/4,P1_FULLY_CHECKABLE
4,timing_tight_explicit_p4,1934,0.930328,nonnegative_weight_unsupported,3,True,10.08689,1,4,3,1/4,P1_FULLY_CHECKABLE
4,timing_tight_explicit_p4,1934,0.77483,nonnegative_weight_unsupported,3,True,9.696284,1,4,4,1/4,P1_FULLY_CHECKABLE
4,timing_tight_explicit_p4,1934,0.712488,nonnegative_weight_unsupported,3,True,9.171428,1,4,5,1/4,P1_FULLY_CHECKABLE
4,timing_tight_explicit_p4,1934,0.571056,nonnegative_weight_unsupported,3,True,9.180832,1,4,6,1/4,P1_FULLY_CHECKABLE
4,timing_tight_explicit_p4,1934,0.674435,nonnegative_weight_unsupported,3,True,9.000302,1,4,7,1/4,P1_FULLY_CHECKABLE
4,timing_tight_explicit_p4,1934,0.518026,nonnegative_weight_unsupported,3,True,8.891459,1,4,8,1/4,P1_FULLY_CHECKABLE
4,timing_tight_explicit_p4,1934,1.017775,nonnegative_weight_unsupported,3,True,9.038069,1,4,9,1/4,P1_FULLY_CHECKABLE
4,timing_tight_explicit_p4,1934,0.783689,nonnegative_weight_unsupported,3,True,9.23917,1,4,10,1/4,P1_FULLY_CHECKABLE
4,timing_tight_explicit_p4,1934,0.824706,nonnegative_weight_unsupported,3,True,11.894037,1,4,11,1/4,P1_FULLY_CHECKABLE
4,timing_tight_explicit_p4,1934,0.771155,nonnegative_weight_unsupported,3,True,8.952401,1,4,12,1/4,P1_FULLY_CHECKABLE
4,timing_tight_explicit_p4,1934,0.631175,nonnegative_weight_unsupported,3,True,9.797016,1,4,13,1/4,P1_FULLY_CHECKABLE
4,timing_tight_explicit_p4,1934,0.79422,nonnegative_weight_unsupported,3,True,8.949356,1,4,14,1/4,P1_FULLY_CHECKABLE
4,timing_tight_explicit_p4,1934,0.497506,nonnegative_weight_unsupported,3,True,8.650519,1,4,15,1/4,P1_FULLY_CHECKABLE
4,timing_tight_explicit_p4,1934,0.516995,nonnegative_weight_unsupported,3,True,8.548846,1,4,16,1/4,P1_FULLY_CHECKABLE
4,timing_tight_explicit_p4,1934,0.475512,nonnegative_weight_unsupported,3,True,8.643878,1,4,17,1/4,P1_FULLY_CHECKABLE
4,timing_tight_explicit_p4,1934,0.479729,nonnegative_weight_unsupported,3,True,8.536007,1,4,18,1/4,P1_FULLY_CHECKABLE
4,timing_tight_explicit_p4,1934,0.501731,nonnegative_weight_unsupported,3,True,8.595986,1,4,19,1/4,P1_FULLY_CHECKABLE
4,timing_tight_explicit_p4,1934,0.93427,nonnegative_weight_unsupported,3,True,8.604379,1,4,20,1/4,P1_FULLY_CHECKABLE
4,timing_tight_explicit_p4,1934,1.053067,nonnegative_weight_unsupported,3,True,10.227361,1,4,21,1/4,P1_FULLY_CHECKABLE
4,timing_tight_explicit_p4,1934,0.595893,nonnegative_weight_unsupported,3,True,9.836845,1,4,22,1/4,P1_FULLY_CHECKABLE
4,timing_tight_explicit_p4,1934,1.053548,nonnegative_weight_unsupported,3,True,9.304268,1,4,23,1/4,P1_FULLY_CHECKABLE
4,timing_tight_explicit_p4,1934,0.707595,nonnegative_weight_unsupported,3,True,8.859882,1,4,24,1/4,P1_FULLY_CHECKABLE
4,timing_tight_explicit_p4,1934,0.491216,nonnegative_weight_unsupported,3,True,9.18552,1,4,25,1/4,P1_FULLY_CHECKABLE
4,timing_tight_explicit_p4,1934,0.484185,nonnegative_weight_unsupported,3,True,9.381473,1,4,26,1/4,P1_FULLY_CHECKABLE
4,timing_tight_explicit_p4,1934,0.993418,nonnegative_weight_unsupported,3,True,9.284848,1,4,27,1/4,P1_FULLY_CHECKABLE
4,timing_tight_explicit_p4,1934,0.907739,nonnegative_weight_unsupported,3,True,9.36653,1,4,28,1/4,P1_FULLY_CHECKABLE
4,timing_tight_explicit_p4,1934,0.73803,nonnegative_weight_unsupported,3,True,9.163246,1,4,29,1/4,P1_FULLY_CHECKABLE
4,timing_tight_explicit_p4,1934,0.736158,nonnegative_weight_unsupported,3,True,8.863797,1,4,30,1/4,P1_FULLY_CHECKABLE
